corpus,drama,begin,end,Speaker.figure_surface,Speaker.figure_id,Token.surface,Token.pos,Token.lemma,length,Mentioned.figure_surface,Mentioned.figure_id
gdc,k93c.0,7985,8017,_Stage,_Stage,Marcus,NE,marcus,19702,,(0)
gdc,k93c.0,7985,8017,_Stage,_Stage,mit,APPR,mit,19702,,
gdc,k93c.0,7985,8017,_Stage,_Stage,vier,CARD,vier,19702,,
gdc,k93c.0,7985,8017,_Stage,_Stage,Sklaven,NN,sklave,19702,,
gdc,k93c.0,7985,8017,_Stage,_Stage,.,$.,--,19702,,
gdc,k93c.0,7985,8017,_Stage,_Stage,Lucius,NE,lucius,19702,,(1)
gdc,k93c.0,7985,8017,_Stage,_Stage,.,$.,--,19702,,
gdc,k93c.0,9260,9316,_Stage,_Stage,Virginia,NE,virginia,19702,,(2)
gdc,k93c.0,9260,9316,_Stage,_Stage,",","$,",--,19702,,
gdc,k93c.0,9260,9316,_Stage,_Stage,Albina,NE,albina,19702,,(3)
gdc,k93c.0,9260,9316,_Stage,_Stage,aus,APPR,aus,19702,,
gdc,k93c.0,9260,9316,_Stage,_Stage,dem,ART,der,19702,,
gdc,k93c.0,9260,9316,_Stage,_Stage,Tempel,NN,tempel,19702,,
gdc,k93c.0,9260,9316,_Stage,_Stage,.,$.,--,19702,,
gdc,k93c.0,9260,9316,_Stage,_Stage,Die,ART,der,19702,,
gdc,k93c.0,9260,9316,_Stage,_Stage,Vorigen,NN,vorige,19702,,
gdc,k93c.0,9260,9316,_Stage,_Stage,.,$.,--,19702,,
gdc,k93c.0,9260,9316,_Stage,_Stage,Dann,ADV,dann,19702,,
gdc,k93c.0,9260,9316,_Stage,_Stage,Volk,NN,volk,19702,,
gdc,k93c.0,9260,9316,_Stage,_Stage,.,$.,--,19702,,
gdc,k93c.0,9325,9338,Marcus,marcus,etwas,ADV,etwas,19702,,
gdc,k93c.0,9325,9338,Marcus,marcus,leiser,ADJD,leise,19702,,
gdc,k93c.0,9325,9338,Marcus,marcus,.,$.,--,19702,,
gdc,k93c.0,9353,9388,Marcus,marcus,Zween,PPOSAT,zweer,19702,,
gdc,k93c.0,9353,9388,Marcus,marcus,Sklaven,NN,sklave,19702,,
gdc,k93c.0,9353,9388,Marcus,marcus,ergreiffen,VVFIN,ergreiff,19702,,
gdc,k93c.0,9353,9388,Marcus,marcus,Virginien,NE,virginie,19702,,
gdc,k93c.0,9353,9388,Marcus,marcus,.,$.,--,19702,,
gdc,k93c.0,10315,10373,Marcus,marcus,Quintus,NE,quintus,19702,,(4)
gdc,k93c.0,10315,10373,Marcus,marcus,",","$,",--,19702,,
gdc,k93c.0,10315,10373,Marcus,marcus,Ruffus,NE,ruffus,19702,,(5)
gdc,k93c.0,10315,10373,Marcus,marcus,und,KON,und,19702,,
gdc,k93c.0,10315,10373,Marcus,marcus,einiges,PIAT,einige,19702,,
gdc,k93c.0,10315,10373,Marcus,marcus,Volk,NN,volk,19702,,
gdc,k93c.0,10315,10373,Marcus,marcus,zeigen,VVFIN,zeigen,19702,,
gdc,k93c.0,10315,10373,Marcus,marcus,sich,PRF,sich,19702,,
gdc,k93c.0,10315,10373,Marcus,marcus,in,APPR,in,19702,,
gdc,k93c.0,10315,10373,Marcus,marcus,der,ART,der,19702,,
gdc,k93c.0,10315,10373,Marcus,marcus,Ferne,NN,ferne,19702,,
gdc,k93c.0,10315,10373,Marcus,marcus,.,$.,--,19702,,
gdc,k93c.0,10672,10701,_Stage,_Stage,Quintus,NE,quintus,19702,,(4)
gdc,k93c.0,10672,10701,_Stage,_Stage,",","$,",--,19702,,
gdc,k93c.0,10672,10701,_Stage,_Stage,Ruffus,NE,ruffus,19702,,(5)
gdc,k93c.0,10672,10701,_Stage,_Stage,.,$.,--,19702,,
gdc,k93c.0,10672,10701,_Stage,_Stage,Die,ART,der,19702,,
gdc,k93c.0,10672,10701,_Stage,_Stage,Vorigen,NN,vorige,19702,,
gdc,k93c.0,10672,10701,_Stage,_Stage,.,$.,--,19702,,
gdc,k93c.0,10732,10775,Quintus,quintus,Ruffus,NE,ruffus,19702,,(5)
gdc,k93c.0,10732,10775,Quintus,quintus,und,KON,und,19702,,
gdc,k93c.0,10732,10775,Quintus,quintus,das,ART,der,19702,,
gdc,k93c.0,10732,10775,Quintus,quintus,Volk,NN,volk,19702,,
gdc,k93c.0,10732,10775,Quintus,quintus,nähern,VVFIN,nähern,19702,,
gdc,k93c.0,10732,10775,Quintus,quintus,sich,PRF,sich,19702,,
gdc,k93c.0,10732,10775,Quintus,quintus,allmählich,ADJD,allmählich,19702,,
gdc,k93c.0,10732,10775,Quintus,quintus,.,$.,--,19702,,
gdc,k93c.0,10911,10922,Marcus,marcus,Zur,APPRART,zu,19702,,
gdc,k93c.0,10911,10922,Marcus,marcus,Albina,NE,albina,19702,,(3)
gdc,k93c.0,10911,10922,Marcus,marcus,.,$.,--,19702,,
gdc,k93c.0,11696,11712,Ruffus,ruffus,zu,APPR,zu,19702,,
gdc,k93c.0,11696,11712,Ruffus,ruffus,einem,ART,ein,19702,,
gdc,k93c.0,11696,11712,Ruffus,ruffus,Bürger,NN,bürger,19702,,
gdc,k93c.0,11696,11712,Ruffus,ruffus,.,$.,--,19702,,
gdc,k93c.0,11765,11779,Ruffus,ruffus,Einer,PIS,einer,19702,,
gdc,k93c.0,11765,11779,Ruffus,ruffus,geht,VVFIN,gehen,19702,,
gdc,k93c.0,11765,11779,Ruffus,ruffus,ab,PTKVZ,ab,19702,,
gdc,k93c.0,11765,11779,Ruffus,ruffus,.,$.,--,19702,,
gdc,k93c.0,12526,12550,_Stage,_Stage,Numitorius,NE,numitorius,19702,,(6)
gdc,k93c.0,12526,12550,_Stage,_Stage,.,$.,--,19702,,
gdc,k93c.0,12526,12550,_Stage,_Stage,Die,ART,der,19702,,
gdc,k93c.0,12526,12550,_Stage,_Stage,Vorigen,NN,vorige,19702,,
gdc,k93c.0,12526,12550,_Stage,_Stage,.,$.,--,19702,,
gdc,k93c.0,15766,15864,_Stage,_Stage,Icilius,NE,icilius,19702,,(7)
gdc,k93c.0,15766,15864,_Stage,_Stage,mit,APPR,mit,19702,,
gdc,k93c.0,15766,15864,_Stage,_Stage,dem,ART,der,19702,,
gdc,k93c.0,15766,15864,_Stage,_Stage,Bürger,NN,bürger,19702,,
gdc,k93c.0,15766,15864,_Stage,_Stage,",","$,",--,19702,,
gdc,k93c.0,15766,15864,_Stage,_Stage,der,PRELS,der,19702,,
gdc,k93c.0,15766,15864,_Stage,_Stage,im,APPRART,in,19702,,
gdc,k93c.0,15766,15864,_Stage,_Stage,dritten,ADJA,dritter,19702,,
gdc,k93c.0,15766,15864,_Stage,_Stage,Auftritt,NN,auftritt,19702,,
gdc,k93c.0,15766,15864,_Stage,_Stage,den,ART,der,19702,,
gdc,k93c.0,15766,15864,_Stage,_Stage,Numitor,NN,numitor,19702,,
gdc,k93c.0,15766,15864,_Stage,_Stage,zu,PTKA,zu,19702,,
gdc,k93c.0,15766,15864,_Stage,_Stage,hohlen,ADJD,hohlen,19702,,
gdc,k93c.0,15766,15864,_Stage,_Stage,abgegangen,VVPP,abgangen,19702,,
gdc,k93c.0,15766,15864,_Stage,_Stage,war,VAFIN,sein,19702,,
gdc,k93c.0,15766,15864,_Stage,_Stage,.,$.,--,19702,,
gdc,k93c.0,15766,15864,_Stage,_Stage,Die,ART,der,19702,,
gdc,k93c.0,15766,15864,_Stage,_Stage,Vorigen,NN,vorige,19702,,
gdc,k93c.0,15766,15864,_Stage,_Stage,.,$.,--,19702,,
gdc,k93c.0,15987,16017,Icilius,icilius,Zu,APPR,zu,19702,,
gdc,k93c.0,15987,16017,Icilius,icilius,einem,PIS,ein,19702,,
gdc,k93c.0,15987,16017,Icilius,icilius,",","$,",--,19702,,
gdc,k93c.0,15987,16017,Icilius,icilius,der,ART,der,19702,,
gdc,k93c.0,15987,16017,Icilius,icilius,Hand,NN,hand,19702,,
gdc,k93c.0,15987,16017,Icilius,icilius,an,APPR,an,19702,,
gdc,k93c.0,15987,16017,Icilius,icilius,ihr,PPER,ihr,19702,,
gdc,k93c.0,15987,16017,Icilius,icilius,hat,VAFIN,haben,19702,,
gdc,k93c.0,15987,16017,Icilius,icilius,.,$.,--,19702,,
gdc,k93c.0,16105,16118,Icilius,icilius,sie,PPER,sie,19702,,
gdc,k93c.0,16105,16118,Icilius,icilius,umarmend,ADJD,umarmend,19702,,
gdc,k93c.0,16105,16118,Icilius,icilius,.,$.,--,19702,,
gdc,k93c.0,19705,19734,Icilius,icilius,indem,KOUS,indem,19702,,
gdc,k93c.0,19705,19734,Icilius,icilius,er,PPER,er,19702,,
gdc,k93c.0,19705,19734,Icilius,icilius,sein,PPOSAT,sein,19702,,
gdc,k93c.0,19705,19734,Icilius,icilius,Schwert,NN,schwert,19702,,
gdc,k93c.0,19705,19734,Icilius,icilius,zücket,VVFIN,zücket,19702,,
gdc,k93c.0,19705,19734,Icilius,icilius,.,$.,--,19702,,
gdc,k93c.0,20979,20996,Marcus,marcus,nach,APPR,nach,19702,,
gdc,k93c.0,20979,20996,Marcus,marcus,einer,ART,ein,19702,,
gdc,k93c.0,20979,20996,Marcus,marcus,Pause,NN,pause,19702,,
gdc,k93c.0,20979,20996,Marcus,marcus,.,$.,--,19702,,
gdc,k93c.0,21244,21343,Marcus,marcus,Marcus,NE,marcus,19702,,(0)
gdc,k93c.0,21244,21343,Marcus,marcus,geht,VVFIN,gehen,19702,,
gdc,k93c.0,21244,21343,Marcus,marcus,auf,APPR,auf,19702,,
gdc,k93c.0,21244,21343,Marcus,marcus,der,ART,der,19702,,
gdc,k93c.0,21244,21343,Marcus,marcus,einen,ADJA,ein,19702,,
gdc,k93c.0,21244,21343,Marcus,marcus,",","$,",--,19702,,
gdc,k93c.0,21244,21343,Marcus,marcus,und,KON,und,19702,,
gdc,k93c.0,21244,21343,Marcus,marcus,Lucius,NE,lucius,19702,,(1)
gdc,k93c.0,21244,21343,Marcus,marcus,",","$,",--,19702,,
gdc,k93c.0,21244,21343,Marcus,marcus,der,PRELS,der,19702,,
gdc,k93c.0,21244,21343,Marcus,marcus,immer,ADV,immer,19702,,
gdc,k93c.0,21244,21343,Marcus,marcus,von,APPR,von,19702,,
gdc,k93c.0,21244,21343,Marcus,marcus,ferne,ADV,ferne,19702,,
gdc,k93c.0,21244,21343,Marcus,marcus,zugehört,VVPP,zuhören,19702,,
gdc,k93c.0,21244,21343,Marcus,marcus,hatte,VAFIN,haben,19702,,
gdc,k93c.0,21244,21343,Marcus,marcus,",","$,",--,19702,,
gdc,k93c.0,21244,21343,Marcus,marcus,auf,APPR,auf,19702,,
gdc,k93c.0,21244,21343,Marcus,marcus,der,ART,der,19702,,
gdc,k93c.0,21244,21343,Marcus,marcus,andern,ADJA,anderer,19702,,
gdc,k93c.0,21244,21343,Marcus,marcus,Seite,NN,seite,19702,,
gdc,k93c.0,21244,21343,Marcus,marcus,ab,PTKVZ,ab,19702,,
gdc,k93c.0,21244,21343,Marcus,marcus,.,$.,--,19702,,
gdc,k93c.0,21370,21414,_Stage,_Stage,Virginia,NE,virginia,19702,,(2)
gdc,k93c.0,21370,21414,_Stage,_Stage,",","$,",--,19702,,
gdc,k93c.0,21370,21414,_Stage,_Stage,Albina,NE,albina,19702,,(3)
gdc,k93c.0,21370,21414,_Stage,_Stage,",","$,",--,19702,,
gdc,k93c.0,21370,21414,_Stage,_Stage,Icilius,NE,icilius,19702,,(7)
gdc,k93c.0,21370,21414,_Stage,_Stage,",","$,",--,19702,,
gdc,k93c.0,21370,21414,_Stage,_Stage,Numitorius,NE,numitorius,19702,,(6)
gdc,k93c.0,21370,21414,_Stage,_Stage,",","$,",--,19702,,
gdc,k93c.0,21370,21414,_Stage,_Stage,Volk,NN,volk,19702,,
gdc,k93c.0,21370,21414,_Stage,_Stage,.,$.,--,19702,,
gdc,k93c.0,21631,21642,Icilius,icilius,Umarmt,VVFIN,umarmen,19702,,
gdc,k93c.0,21631,21642,Icilius,icilius,sie,PPER,sie,19702,,
gdc,k93c.0,21631,21642,Icilius,icilius,.,$.,--,19702,,
gdc,k93c.0,21657,21667,Numitorius,numitorius,zum,APPRART,zu,19702,,
gdc,k93c.0,21657,21667,Numitorius,numitorius,Volke,NN,volke,19702,,
gdc,k93c.0,21657,21667,Numitorius,numitorius,.,$.,--,19702,,
gdc,k93c.0,21953,21963,Ruffus,ruffus,Zum,APPRART,zu,19702,,
gdc,k93c.0,21953,21963,Ruffus,ruffus,Numit,NN,numit,19702,,
gdc,k93c.0,21953,21963,Ruffus,ruffus,.,$.,--,19702,,
gdc,k93c.0,22003,22044,Ruffus,ruffus,Das,ART,der,19702,,
gdc,k93c.0,22003,22044,Ruffus,ruffus,Volk,NN,volk,19702,,
gdc,k93c.0,22003,22044,Ruffus,ruffus,geht,VVFIN,gehen,19702,,
gdc,k93c.0,22003,22044,Ruffus,ruffus,auf,APPR,auf,19702,,
gdc,k93c.0,22003,22044,Ruffus,ruffus,verschiedenen,ADJA,verschieden,19702,,
gdc,k93c.0,22003,22044,Ruffus,ruffus,Orten,NN,ort,19702,,
gdc,k93c.0,22003,22044,Ruffus,ruffus,ab,PTKVZ,ab,19702,,
gdc,k93c.0,22003,22044,Ruffus,ruffus,.,$.,--,19702,,
gdc,k93c.0,22071,22109,_Stage,_Stage,Virginia,NE,virginia,19702,,(2)
gdc,k93c.0,22071,22109,_Stage,_Stage,",","$,",--,19702,,
gdc,k93c.0,22071,22109,_Stage,_Stage,Albina,NE,albina,19702,,(3)
gdc,k93c.0,22071,22109,_Stage,_Stage,",","$,",--,19702,,
gdc,k93c.0,22071,22109,_Stage,_Stage,Numitorius,NE,numitorius,19702,,(6)
gdc,k93c.0,22071,22109,_Stage,_Stage,",","$,",--,19702,,
gdc,k93c.0,22071,22109,_Stage,_Stage,Icilius,NE,icilius,19702,,(7)
gdc,k93c.0,22071,22109,_Stage,_Stage,.,$.,--,19702,,
gdc,k93c.0,25700,25714,Icilius,icilius,Alle,PIS,aller,19702,,
gdc,k93c.0,25700,25714,Icilius,icilius,gehen,VVFIN,gehen,19702,,
gdc,k93c.0,25700,25714,Icilius,icilius,ab,PTKVZ,ab,19702,,
gdc,k93c.0,25700,25714,Icilius,icilius,.,$.,--,19702,,
gdc,k93c.0,25783,25816,_Stage,_Stage,Ruffus,NE,ruffus,19702,,(5)
gdc,k93c.0,25783,25816,_Stage,_Stage,",","$,",--,19702,,
gdc,k93c.0,25783,25816,_Stage,_Stage,Quintus,NE,quintus,19702,,(4)
gdc,k93c.0,25783,25816,_Stage,_Stage,und,KON,und,19702,,
gdc,k93c.0,25783,25816,_Stage,_Stage,einiges,PIAT,einige,19702,,
gdc,k93c.0,25783,25816,_Stage,_Stage,Volk,NN,volk,19702,,
gdc,k93c.0,25783,25816,_Stage,_Stage,.,$.,--,19702,,
gdc,k93c.0,26668,26688,_Stage,_Stage,Lucius,NE,lucius,19702,,(1)
gdc,k93c.0,26668,26688,_Stage,_Stage,.,$.,--,19702,,
gdc,k93c.0,26668,26688,_Stage,_Stage,Die,ART,der,19702,,
gdc,k93c.0,26668,26688,_Stage,_Stage,Vorigen,NN,vorige,19702,,
gdc,k93c.0,26668,26688,_Stage,_Stage,.,$.,--,19702,,
gdc,k93c.0,28363,28573,_Stage,_Stage,Appius,NE,appius,19702,,(8)
gdc,k93c.0,28363,28573,_Stage,_Stage,",","$,",--,19702,,
gdc,k93c.0,28363,28573,_Stage,_Stage,Wachen,NN,wache,19702,,
gdc,k93c.0,28363,28573,_Stage,_Stage,und,KON,und,19702,,
gdc,k93c.0,28363,28573,_Stage,_Stage,Lictoren,NN,lictor,19702,,
gdc,k93c.0,28363,28573,_Stage,_Stage,gehen,VVFIN,gehen,19702,,
gdc,k93c.0,28363,28573,_Stage,_Stage,vor,APPR,vor,19702,,
gdc,k93c.0,28363,28573,_Stage,_Stage,ihm,PPER,ihm,19702,,
gdc,k93c.0,28363,28573,_Stage,_Stage,her,PTKVZ,her,19702,,
gdc,k93c.0,28363,28573,_Stage,_Stage,.,$.,--,19702,,
gdc,k93c.0,28363,28573,_Stage,_Stage,Der,ART,der,19702,,
gdc,k93c.0,28363,28573,_Stage,_Stage,curulische,ADJA,curulisch,19702,,
gdc,k93c.0,28363,28573,_Stage,_Stage,Stuhl,NN,stuhl,19702,,
gdc,k93c.0,28363,28573,_Stage,_Stage,wird,VAFIN,werden,19702,,
gdc,k93c.0,28363,28573,_Stage,_Stage,aufgestellt,VVPP,aufstellen,19702,,
gdc,k93c.0,28363,28573,_Stage,_Stage,.,$.,--,19702,,
gdc,k93c.0,28363,28573,_Stage,_Stage,Die,ART,der,19702,,
gdc,k93c.0,28363,28573,_Stage,_Stage,Wachen,NN,wache,19702,,
gdc,k93c.0,28363,28573,_Stage,_Stage,reihen,VVFIN,reihen,19702,,
gdc,k93c.0,28363,28573,_Stage,_Stage,sich,PRF,sich,19702,,
gdc,k93c.0,28363,28573,_Stage,_Stage,hinter,APPR,hinter,19702,,
gdc,k93c.0,28363,28573,_Stage,_Stage,demselben,PDS,derselbe,19702,,
gdc,k93c.0,28363,28573,_Stage,_Stage,.,$.,--,19702,,
gdc,k93c.0,28363,28573,_Stage,_Stage,Ruffus,NE,ruffus,19702,,(5)
gdc,k93c.0,28363,28573,_Stage,_Stage,",","$,",--,19702,,
gdc,k93c.0,28363,28573,_Stage,_Stage,Quintus,NE,quintus,19702,,(4)
gdc,k93c.0,28363,28573,_Stage,_Stage,",","$,",--,19702,,
gdc,k93c.0,28363,28573,_Stage,_Stage,und,KON,und,19702,,
gdc,k93c.0,28363,28573,_Stage,_Stage,das,ART,der,19702,,
gdc,k93c.0,28363,28573,_Stage,_Stage,Volk,NN,volk,19702,,
gdc,k93c.0,28363,28573,_Stage,_Stage,treten,VVFIN,treten,19702,,
gdc,k93c.0,28363,28573,_Stage,_Stage,hinter,APPR,hinter,19702,,
gdc,k93c.0,28363,28573,_Stage,_Stage,die,ART,der,19702,,
gdc,k93c.0,28363,28573,_Stage,_Stage,Wachen,NN,wache,19702,,
gdc,k93c.0,28363,28573,_Stage,_Stage,.,$.,--,19702,,
gdc,k93c.0,28363,28573,_Stage,_Stage,Wann,NE,wann,19702,,
gdc,k93c.0,28363,28573,_Stage,_Stage,Appius,NE,appius,19702,,(8)
gdc,k93c.0,28363,28573,_Stage,_Stage,auftritt,VVFIN,auftreten,19702,,
gdc,k93c.0,28363,28573,_Stage,_Stage,",","$,",--,19702,,
gdc,k93c.0,28363,28573,_Stage,_Stage,ruft,VVFIN,rufen,19702,,
gdc,k93c.0,28363,28573,_Stage,_Stage,.,$.,--,19702,,
gdc,k93c.0,28601,28736,Das Volk (II/3),das_volk_2-3,Appius,NE,appius,19702,,(8)
gdc,k93c.0,28601,28736,Das Volk (II/3),das_volk_2-3,bleibt,VVFIN,bleiben,19702,,
gdc,k93c.0,28601,28736,Das Volk (II/3),das_volk_2-3,einen,ART,ein,19702,,
gdc,k93c.0,28601,28736,Das Volk (II/3),das_volk_2-3,Augenblick,NN,augenblick,19702,,
gdc,k93c.0,28601,28736,Das Volk (II/3),das_volk_2-3,stehen,VVFIN,stehen,19702,,
gdc,k93c.0,28601,28736,Das Volk (II/3),das_volk_2-3,",","$,",--,19702,,
gdc,k93c.0,28601,28736,Das Volk (II/3),das_volk_2-3,und,KON,und,19702,,
gdc,k93c.0,28601,28736,Das Volk (II/3),das_volk_2-3,nicket,VVFIN,nicket,19702,,
gdc,k93c.0,28601,28736,Das Volk (II/3),das_volk_2-3,mit,APPR,mit,19702,,
gdc,k93c.0,28601,28736,Das Volk (II/3),das_volk_2-3,dem,ART,der,19702,,
gdc,k93c.0,28601,28736,Das Volk (II/3),das_volk_2-3,Kopfe,NN,kopfe,19702,,
gdc,k93c.0,28601,28736,Das Volk (II/3),das_volk_2-3,dem,ART,der,19702,,
gdc,k93c.0,28601,28736,Das Volk (II/3),das_volk_2-3,Volk,NN,volk,19702,,
gdc,k93c.0,28601,28736,Das Volk (II/3),das_volk_2-3,auf,APPR,auf,19702,,
gdc,k93c.0,28601,28736,Das Volk (II/3),das_volk_2-3,beyden,ADJA,beyden,19702,,
gdc,k93c.0,28601,28736,Das Volk (II/3),das_volk_2-3,Seiten,NN,seite,19702,,
gdc,k93c.0,28601,28736,Das Volk (II/3),das_volk_2-3,seinen,PPOSAT,sein,19702,,
gdc,k93c.0,28601,28736,Das Volk (II/3),das_volk_2-3,Dank,NN,dank,19702,,
gdc,k93c.0,28601,28736,Das Volk (II/3),das_volk_2-3,zu,PTKVZ,zu,19702,,
gdc,k93c.0,28601,28736,Das Volk (II/3),das_volk_2-3,;,$.,--,19702,,
gdc,k93c.0,28601,28736,Das Volk (II/3),das_volk_2-3,geht,VVFIN,gehen,19702,,
gdc,k93c.0,28601,28736,Das Volk (II/3),das_volk_2-3,er,PPER,er,19702,,
gdc,k93c.0,28601,28736,Das Volk (II/3),das_volk_2-3,mit,APPR,mit,19702,,
gdc,k93c.0,28601,28736,Das Volk (II/3),das_volk_2-3,Lucius,NE,lucius,19702,,(1)
gdc,k93c.0,28601,28736,Das Volk (II/3),das_volk_2-3,vorwärts,PTKVZ,vorwärts,19702,,
gdc,k93c.0,28601,28736,Das Volk (II/3),das_volk_2-3,.,$.,--,19702,,
gdc,k93c.0,29582,29680,Appius,appius,Appius,NE,appius,19702,,(8)
gdc,k93c.0,29582,29680,Appius,appius,setzt,VVFIN,setzen,19702,,
gdc,k93c.0,29582,29680,Appius,appius,sich,PRF,sich,19702,,
gdc,k93c.0,29582,29680,Appius,appius,auf,APPR,auf,19702,,
gdc,k93c.0,29582,29680,Appius,appius,den,ART,der,19702,,
gdc,k93c.0,29582,29680,Appius,appius,Richterstuhl,NN,richterstuhl,19702,,
gdc,k93c.0,29582,29680,Appius,appius,;,$.,--,19702,,
gdc,k93c.0,29582,29680,Appius,appius,einige,PIAT,einiger,19702,,
gdc,k93c.0,29582,29680,Appius,appius,Beamte,NN,beamter,19702,,
gdc,k93c.0,29582,29680,Appius,appius,und,KON,und,19702,,
gdc,k93c.0,29582,29680,Appius,appius,die,ART,der,19702,,
gdc,k93c.0,29582,29680,Appius,appius,Lictoren,NN,lictor,19702,,
gdc,k93c.0,29582,29680,Appius,appius,stellen,VVFIN,stellen,19702,,
gdc,k93c.0,29582,29680,Appius,appius,sich,PRF,sich,19702,,
gdc,k93c.0,29582,29680,Appius,appius,ihm,PPER,ihm,19702,,
gdc,k93c.0,29582,29680,Appius,appius,zur,APPRART,zu,19702,,
gdc,k93c.0,29582,29680,Appius,appius,Seite,NN,seite,19702,,
gdc,k93c.0,29582,29680,Appius,appius,.,$.,--,19702,,
gdc,k93c.0,29705,29776,_Stage,_Stage,Virginia,NE,virginia,19702,,(2)
gdc,k93c.0,29705,29776,_Stage,_Stage,",","$,",--,19702,,
gdc,k93c.0,29705,29776,_Stage,_Stage,Icilius,NE,icilius,19702,,(7)
gdc,k93c.0,29705,29776,_Stage,_Stage,",","$,",--,19702,,
gdc,k93c.0,29705,29776,_Stage,_Stage,Numitorius,NE,numitorius,19702,,(6)
gdc,k93c.0,29705,29776,_Stage,_Stage,",","$,",--,19702,,
gdc,k93c.0,29705,29776,_Stage,_Stage,mit,APPR,mit,19702,,
gdc,k93c.0,29705,29776,_Stage,_Stage,ihnen,PPER,ihnen,19702,,
gdc,k93c.0,29705,29776,_Stage,_Stage,einiges,PIS,einige,19702,,
gdc,k93c.0,29705,29776,_Stage,_Stage,Volk,NN,volk,19702,,
gdc,k93c.0,29705,29776,_Stage,_Stage,",","$,",--,19702,,
gdc,k93c.0,29705,29776,_Stage,_Stage,und,KON,und,19702,,
gdc,k93c.0,29705,29776,_Stage,_Stage,die,ART,der,19702,,
gdc,k93c.0,29705,29776,_Stage,_Stage,Vorigen,NN,vorige,19702,,
gdc,k93c.0,29705,29776,_Stage,_Stage,.,$.,--,19702,,
gdc,k93c.0,33507,33577,_Stage,_Stage,Marcus,NE,marcus,19702,,(0)
gdc,k93c.0,33507,33577,_Stage,_Stage,mit,APPR,mit,19702,,
gdc,k93c.0,33507,33577,_Stage,_Stage,einem,ART,ein,19702,,
gdc,k93c.0,33507,33577,_Stage,_Stage,Römer,NE,römer,19702,,
gdc,k93c.0,33507,33577,_Stage,_Stage,",","$,",--,19702,,
gdc,k93c.0,33507,33577,_Stage,_Stage,einem,ART,ein,19702,,
gdc,k93c.0,33507,33577,_Stage,_Stage,Sklaven,NN,sklave,19702,,
gdc,k93c.0,33507,33577,_Stage,_Stage,und,KON,und,19702,,
gdc,k93c.0,33507,33577,_Stage,_Stage,einer,ART,ein,19702,,
gdc,k93c.0,33507,33577,_Stage,_Stage,Sklavinn,NN,sklavinn,19702,,
gdc,k93c.0,33507,33577,_Stage,_Stage,.,$.,--,19702,,
gdc,k93c.0,33507,33577,_Stage,_Stage,Die,ART,der,19702,,
gdc,k93c.0,33507,33577,_Stage,_Stage,Vorigen,NN,vorige,19702,,
gdc,k93c.0,33507,33577,_Stage,_Stage,.,$.,--,19702,,
gdc,k93c.0,36294,36337,Marcus,marcus,Er,PPER,er,19702,,
gdc,k93c.0,36294,36337,Marcus,marcus,reicht,VVFIN,reichen,19702,,
gdc,k93c.0,36294,36337,Marcus,marcus,dem,ART,der,19702,,
gdc,k93c.0,36294,36337,Marcus,marcus,Appius,NN,appius,19702,,(8)
gdc,k93c.0,36294,36337,Marcus,marcus,einen,ART,ein,19702,,
gdc,k93c.0,36294,36337,Marcus,marcus,Beutel,NN,beutel,19702,,
gdc,k93c.0,36294,36337,Marcus,marcus,mit,APPR,mit,19702,,
gdc,k93c.0,36294,36337,Marcus,marcus,Geld,NN,geld,19702,,
gdc,k93c.0,36294,36337,Marcus,marcus,.,$.,--,19702,,
gdc,k93c.0,36390,36441,Appius,appius,indem,KOUS,indem,19702,,
gdc,k93c.0,36390,36441,Appius,appius,er,PPER,er,19702,,
gdc,k93c.0,36390,36441,Appius,appius,den,ART,der,19702,,
gdc,k93c.0,36390,36441,Appius,appius,Beutel,NN,beutel,19702,,
gdc,k93c.0,36390,36441,Appius,appius,nimmt,VVFIN,nehmen,19702,,
gdc,k93c.0,36390,36441,Appius,appius,",","$,",--,19702,,
gdc,k93c.0,36390,36441,Appius,appius,und,KON,und,19702,,
gdc,k93c.0,36390,36441,Appius,appius,einem,ART,ein,19702,,
gdc,k93c.0,36390,36441,Appius,appius,Officier,NN,officier,19702,,
gdc,k93c.0,36390,36441,Appius,appius,gibt,VVFIN,geben,19702,,
gdc,k93c.0,36390,36441,Appius,appius,.,$.,--,19702,,
gdc,k93c.0,37885,37934,Icilius,icilius,Es,PPER,es,19702,,
gdc,k93c.0,37885,37934,Icilius,icilius,entsteht,VVFIN,entstehen,19702,,
gdc,k93c.0,37885,37934,Icilius,icilius,Bewegung,NN,bewegung,19702,,
gdc,k93c.0,37885,37934,Icilius,icilius,und,KON,und,19702,,
gdc,k93c.0,37885,37934,Icilius,icilius,Geräusch,NN,geräusch,19702,,
gdc,k93c.0,37885,37934,Icilius,icilius,unter,APPR,unter,19702,,
gdc,k93c.0,37885,37934,Icilius,icilius,dem,ART,der,19702,,
gdc,k93c.0,37885,37934,Icilius,icilius,Volk,NN,volk,19702,,
gdc,k93c.0,37885,37934,Icilius,icilius,.,$.,--,19702,,
gdc,k93c.0,38243,38264,Icilius,icilius,Auf,APPR,auf,19702,,
gdc,k93c.0,38243,38264,Icilius,icilius,das,ART,der,19702,,
gdc,k93c.0,38243,38264,Icilius,icilius,Volk,NN,volk,19702,,
gdc,k93c.0,38243,38264,Icilius,icilius,zeigend,ADJD,zeigend,19702,,
gdc,k93c.0,38243,38264,Icilius,icilius,.,$.,--,19702,,
gdc,k93c.0,38995,39013,Appius,appius,Er,PPER,er,19702,,
gdc,k93c.0,38995,39013,Appius,appius,will,VMFIN,wollen,19702,,
gdc,k93c.0,38995,39013,Appius,appius,aufstehen,VVINF,aufstehen,19702,,
gdc,k93c.0,38995,39013,Appius,appius,.,$.,--,19702,,
gdc,k93c.0,39736,39747,Appius,appius,Zum,APPRART,zu,19702,,
gdc,k93c.0,39736,39747,Appius,appius,Lucius,NN,lucius,19702,,(1)
gdc,k93c.0,39736,39747,Appius,appius,.,$.,--,19702,,
gdc,k93c.0,39784,39820,Icilius,icilius,indem,KOUS,indem,19702,,
gdc,k93c.0,39784,39820,Icilius,icilius,er,PPER,er,19702,,
gdc,k93c.0,39784,39820,Icilius,icilius,sie,PPER,sie,19702,,
gdc,k93c.0,39784,39820,Icilius,icilius,bey,APPR,bey,19702,,
gdc,k93c.0,39784,39820,Icilius,icilius,der,ART,der,19702,,
gdc,k93c.0,39784,39820,Icilius,icilius,Hand,NN,hand,19702,,
gdc,k93c.0,39784,39820,Icilius,icilius,ergreifft,VVFIN,ergreiffen,19702,,
gdc,k93c.0,39784,39820,Icilius,icilius,.,$.,--,19702,,
gdc,k93c.0,40330,40356,Appius,appius,Die,ART,der,19702,,
gdc,k93c.0,40330,40356,Appius,appius,Wachen,NN,wache,19702,,
gdc,k93c.0,40330,40356,Appius,appius,ergreiffen,VVFIN,ergreeifen,19702,,
gdc,k93c.0,40330,40356,Appius,appius,ihn,PPER,ihn,19702,,
gdc,k93c.0,40330,40356,Appius,appius,.,$.,--,19702,,
gdc,k93c.0,40531,40559,Icilius,icilius,Die,ART,der,19702,,
gdc,k93c.0,40531,40559,Icilius,icilius,Wache,NN,wache,19702,,
gdc,k93c.0,40531,40559,Icilius,icilius,will,VMFIN,wollen,19702,,
gdc,k93c.0,40531,40559,Icilius,icilius,ihn,PPER,ihn,19702,,
gdc,k93c.0,40531,40559,Icilius,icilius,abführen,VVINF,abführen,19702,,
gdc,k93c.0,40531,40559,Icilius,icilius,.,$.,--,19702,,
gdc,k93c.0,44424,44435,Appius,appius,Des,ART,der,19702,,
gdc,k93c.0,44424,44435,Appius,appius,Marcus,NE,marcus,19702,,(0)
gdc,k93c.0,44424,44435,Appius,appius,.,$.,--,19702,,
gdc,k93c.0,44563,44572,Appius,appius,Den,ART,der,19702,,
gdc,k93c.0,44563,44572,Appius,appius,Icil,NN,icil,19702,,
gdc,k93c.0,44563,44572,Appius,appius,.,$.,--,19702,,
gdc,k93c.0,44850,44882,Ruffus,ruffus,indem,KOUS,indem,19702,,
gdc,k93c.0,44850,44882,Ruffus,ruffus,er,PPER,er,19702,,
gdc,k93c.0,44850,44882,Ruffus,ruffus,den,ART,der,19702,,
gdc,k93c.0,44850,44882,Ruffus,ruffus,Arm,NN,arm,19702,,
gdc,k93c.0,44850,44882,Ruffus,ruffus,empor,PIS,empor,19702,,
gdc,k93c.0,44850,44882,Ruffus,ruffus,strecket,VVFIN,strecken,19702,,
gdc,k93c.0,44850,44882,Ruffus,ruffus,.,$.,--,19702,,
gdc,k93c.0,44906,44914,Das Volk (II/5),das_volk_2-5,eben,ADV,eben,19702,,
gdc,k93c.0,44906,44914,Das Volk (II/5),das_volk_2-5,so,ADV,so,19702,,
gdc,k93c.0,44906,44914,Das Volk (II/5),das_volk_2-5,.,$.,--,19702,,
gdc,k93c.0,44936,44954,Appius,appius,indem,KOUS,indem,19702,,
gdc,k93c.0,44936,44954,Appius,appius,er,PPER,er,19702,,
gdc,k93c.0,44936,44954,Appius,appius,aufsteht,VVFIN,aufstehen,19702,,
gdc,k93c.0,44936,44954,Appius,appius,.,$.,--,19702,,
gdc,k93c.0,45159,45196,Appius,appius,Alle,PIS,aller,19702,,
gdc,k93c.0,45159,45196,Appius,appius,gehen,VVFIN,gehen,19702,,
gdc,k93c.0,45159,45196,Appius,appius,auf,APPR,auf,19702,,
gdc,k93c.0,45159,45196,Appius,appius,verschiednen,ADJA,verschiednen,19702,,
gdc,k93c.0,45159,45196,Appius,appius,Orten,NN,ort,19702,,
gdc,k93c.0,45159,45196,Appius,appius,ab,PTKVZ,ab,19702,,
gdc,k93c.0,45159,45196,Appius,appius,.,$.,--,19702,,
gdc,k93c.0,45223,45260,_Stage,_Stage,Appius,NE,appius,19702,,(8)
gdc,k93c.0,45223,45260,_Stage,_Stage,",","$,",--,19702,,
gdc,k93c.0,45223,45260,_Stage,_Stage,Lucius,NN,lucius,19702,,(1)
gdc,k93c.0,45223,45260,_Stage,_Stage,",","$,",--,19702,,
gdc,k93c.0,45223,45260,_Stage,_Stage,Lictoren,NN,lictor,19702,,
gdc,k93c.0,45223,45260,_Stage,_Stage,",","$,",--,19702,,
gdc,k93c.0,45223,45260,_Stage,_Stage,und,KON,und,19702,,
gdc,k93c.0,45223,45260,_Stage,_Stage,Wachen,NN,wache,19702,,
gdc,k93c.0,45223,45260,_Stage,_Stage,.,$.,--,19702,,
gdc,k93c.0,45269,45293,Appius,appius,indem,KOUS,indem,19702,,
gdc,k93c.0,45269,45293,Appius,appius,er,PPER,er,19702,,
gdc,k93c.0,45269,45293,Appius,appius,vorwärts,ADV,vorwärts,19702,,
gdc,k93c.0,45269,45293,Appius,appius,gehet,VVFIN,gehet,19702,,
gdc,k93c.0,45269,45293,Appius,appius,.,$.,--,19702,,
gdc,k93c.0,47200,47214,Appius,appius,Alle,PIS,aller,19702,,
gdc,k93c.0,47200,47214,Appius,appius,gehen,VVFIN,gehen,19702,,
gdc,k93c.0,47200,47214,Appius,appius,ab,PTKVZ,ab,19702,,
gdc,k93c.0,47200,47214,Appius,appius,.,$.,--,19702,,
gdc,k93c.0,47247,47314,_Stage,_Stage,Es,PPER,es,19702,,
gdc,k93c.0,47247,47314,_Stage,_Stage,wird,VAFIN,werden,19702,,
gdc,k93c.0,47247,47314,_Stage,_Stage,Nacht,NN,nacht,19702,,
gdc,k93c.0,47247,47314,_Stage,_Stage,",","$,",--,19702,,
gdc,k93c.0,47247,47314,_Stage,_Stage,doch,ADV,doch,19702,,
gdc,k93c.0,47247,47314,_Stage,_Stage,nur,ADV,nur,19702,,
gdc,k93c.0,47247,47314,_Stage,_Stage,durch,APPR,durch,19702,,
gdc,k93c.0,47247,47314,_Stage,_Stage,Verdunklung,NN,verdunklung,19702,,
gdc,k93c.0,47247,47314,_Stage,_Stage,der,ART,der,19702,,
gdc,k93c.0,47247,47314,_Stage,_Stage,vordern,PIAT,vordern,19702,,
gdc,k93c.0,47247,47314,_Stage,_Stage,Lampen-Reihe,NN,lampen-reihe,19702,,
gdc,k93c.0,47247,47314,_Stage,_Stage,.,$.,--,19702,,
gdc,k93c.0,47356,47428,_Stage,_Stage,Ruffus,NE,ruffus,19702,,(5)
gdc,k93c.0,47356,47428,_Stage,_Stage,",","$,",--,19702,,
gdc,k93c.0,47356,47428,_Stage,_Stage,Quintus,NE,quintus,19702,,(4)
gdc,k93c.0,47356,47428,_Stage,_Stage,und,KON,und,19702,,
gdc,k93c.0,47356,47428,_Stage,_Stage,einiges,PIAT,einige,19702,,
gdc,k93c.0,47356,47428,_Stage,_Stage,Volk,NN,volk,19702,,
gdc,k93c.0,47356,47428,_Stage,_Stage,",","$,",--,19702,,
gdc,k93c.0,47356,47428,_Stage,_Stage,welches,PRELS,welcher,19702,,
gdc,k93c.0,47356,47428,_Stage,_Stage,sich,PRF,sich,19702,,
gdc,k93c.0,47356,47428,_Stage,_Stage,dann,ADV,dann,19702,,
gdc,k93c.0,47356,47428,_Stage,_Stage,allmählich,ADJD,allmählich,19702,,
gdc,k93c.0,47356,47428,_Stage,_Stage,vermehrt,ADJD,vermehrt,19702,,
gdc,k93c.0,47356,47428,_Stage,_Stage,.,$.,--,19702,,
gdc,k93c.0,48316,48415,_Stage,_Stage,Icilius,NE,icilius,19702,,(7)
gdc,k93c.0,48316,48415,_Stage,_Stage,mit,APPR,mit,19702,,
gdc,k93c.0,48316,48415,_Stage,_Stage,zwey,NE,zwey,19702,,
gdc,k93c.0,48316,48415,_Stage,_Stage,Fackelträgern,NN,fackelträger,19702,,
gdc,k93c.0,48316,48415,_Stage,_Stage,",","$,",--,19702,,
gdc,k93c.0,48316,48415,_Stage,_Stage,einem,ART,ein,19702,,
gdc,k93c.0,48316,48415,_Stage,_Stage,am,APPRART,an,19702,,
gdc,k93c.0,48316,48415,_Stage,_Stage,Kopfe,NN,kopfe,19702,,
gdc,k93c.0,48316,48415,_Stage,_Stage,verwundeten,ADJA,verwundet,19702,,
gdc,k93c.0,48316,48415,_Stage,_Stage,Sklaven,NN,sklave,19702,,
gdc,k93c.0,48316,48415,_Stage,_Stage,",","$,",--,19702,,
gdc,k93c.0,48316,48415,_Stage,_Stage,und,KON,und,19702,,
gdc,k93c.0,48316,48415,_Stage,_Stage,einigem,PIAT,einiger,19702,,
gdc,k93c.0,48316,48415,_Stage,_Stage,Volke,NN,volke,19702,,
gdc,k93c.0,48316,48415,_Stage,_Stage,.,$.,--,19702,,
gdc,k93c.0,48316,48415,_Stage,_Stage,Die,ART,der,19702,,
gdc,k93c.0,48316,48415,_Stage,_Stage,Vorigen,NN,vorige,19702,,
gdc,k93c.0,48316,48415,_Stage,_Stage,.,$.,--,19702,,
gdc,k93c.0,55763,55793,_Stage,_Stage,Virginia,NE,virginia,19702,,(2)
gdc,k93c.0,55763,55793,_Stage,_Stage,.,$.,--,19702,,
gdc,k93c.0,55763,55793,_Stage,_Stage,Albina,NE,albina,19702,,(3)
gdc,k93c.0,55763,55793,_Stage,_Stage,.,$.,--,19702,,
gdc,k93c.0,55763,55793,_Stage,_Stage,Die,ART,der,19702,,
gdc,k93c.0,55763,55793,_Stage,_Stage,Vorigen,NN,vorige,19702,,
gdc,k93c.0,55763,55793,_Stage,_Stage,.,$.,--,19702,,
gdc,k93c.0,56064,56094,Virginia,virginia,Sie,PPER,sie,19702,,
gdc,k93c.0,56064,56094,Virginia,virginia,sinkt,VVFIN,sinken,19702,,
gdc,k93c.0,56064,56094,Virginia,virginia,Albinen,NN,albinen,19702,,
gdc,k93c.0,56064,56094,Virginia,virginia,in,APPR,in,19702,,
gdc,k93c.0,56064,56094,Virginia,virginia,die,ART,der,19702,,
gdc,k93c.0,56064,56094,Virginia,virginia,Arme,NN,arm,19702,,
gdc,k93c.0,56064,56094,Virginia,virginia,.,$.,--,19702,,
gdc,k93c.0,56589,56600,Virginia,virginia,Zum,APPRART,zu,19702,,
gdc,k93c.0,56589,56600,Virginia,virginia,Ruffus,NN,ruffus,19702,,(5)
gdc,k93c.0,56589,56600,Virginia,virginia,.,$.,--,19702,,
gdc,k93c.0,58068,58082,Virginia,virginia,Sie,PPER,sie,19702,,
gdc,k93c.0,58068,58082,Virginia,virginia,will,VMFIN,wollen,19702,,
gdc,k93c.0,58068,58082,Virginia,virginia,fort,PTKVZ,fort,19702,,
gdc,k93c.0,58068,58082,Virginia,virginia,.,$.,--,19702,,
gdc,k93c.0,58094,58118,Icilius,icilius,indem,KOUS,indem,19702,,
gdc,k93c.0,58094,58118,Icilius,icilius,er,PPER,er,19702,,
gdc,k93c.0,58094,58118,Icilius,icilius,sie,PPER,sie,19702,,
gdc,k93c.0,58094,58118,Icilius,icilius,zurückhält,VVFIN,zurückhalten,19702,,
gdc,k93c.0,58094,58118,Icilius,icilius,.,$.,--,19702,,
gdc,k93c.0,58248,58263,Virginia,virginia,sich,PRF,sich,19702,,
gdc,k93c.0,58248,58263,Virginia,virginia,besinnend,ADJD,besinnend,19702,,
gdc,k93c.0,58248,58263,Virginia,virginia,.,$.,--,19702,,
gdc,k93c.0,59494,59515,Ruffus,ruffus,indem,KOUS,indem,19702,,
gdc,k93c.0,59494,59515,Ruffus,ruffus,er,PPER,er,19702,,
gdc,k93c.0,59494,59515,Ruffus,ruffus,sie,PPER,sie,19702,,
gdc,k93c.0,59494,59515,Ruffus,ruffus,aufhebt,VVFIN,aufheben,19702,,
gdc,k93c.0,59494,59515,Ruffus,ruffus,.,$.,--,19702,,
gdc,k93c.0,59775,59792,Icilius,icilius,Er,PPER,er,19702,,
gdc,k93c.0,59775,59792,Icilius,icilius,umarmet,VVFIN,umarmen,19702,,
gdc,k93c.0,59775,59792,Icilius,icilius,beyde,PTKVZ,beyden,19702,,
gdc,k93c.0,59775,59792,Icilius,icilius,.,$.,--,19702,,
gdc,k93c.0,59793,59803,Icilius,icilius,Zum,APPRART,zu,19702,,
gdc,k93c.0,59793,59803,Icilius,icilius,Volke,NN,volke,19702,,
gdc,k93c.0,59793,59803,Icilius,icilius,.,$.,--,19702,,
gdc,k93c.0,59980,60030,Ruffus,ruffus,Indem,KOUS,indem,19702,,
gdc,k93c.0,59980,60030,Ruffus,ruffus,sie,PPER,sie,19702,,
gdc,k93c.0,59980,60030,Ruffus,ruffus,eben,ADV,eben,19702,,
gdc,k93c.0,59980,60030,Ruffus,ruffus,auseinander,ADV,auseinander,19702,,
gdc,k93c.0,59980,60030,Ruffus,ruffus,gehen,VVINF,gehen,19702,,
gdc,k93c.0,59980,60030,Ruffus,ruffus,",","$,",--,19702,,
gdc,k93c.0,59980,60030,Ruffus,ruffus,kommt,VVFIN,kommen,19702,,
gdc,k93c.0,59980,60030,Ruffus,ruffus,Virginius,NE,virginius,19702,,(9)
gdc,k93c.0,59980,60030,Ruffus,ruffus,.,$.,--,19702,,
gdc,k93c.0,60056,60068,_Stage,_Stage,Es,PPER,es,19702,,
gdc,k93c.0,60056,60068,_Stage,_Stage,wird,VAFIN,werden,19702,,
gdc,k93c.0,60056,60068,_Stage,_Stage,Tag,NN,tag,19702,,
gdc,k93c.0,60056,60068,_Stage,_Stage,.,$.,--,19702,,
gdc,k93c.0,60069,60109,_Stage,_Stage,Virginius,NN,virginius,19702,,(9)
gdc,k93c.0,60069,60109,_Stage,_Stage,mit,APPR,mit,19702,,
gdc,k93c.0,60069,60109,_Stage,_Stage,einem,ART,ein,19702,,
gdc,k93c.0,60069,60109,_Stage,_Stage,Bürger,NN,bürger,19702,,
gdc,k93c.0,60069,60109,_Stage,_Stage,.,$.,--,19702,,
gdc,k93c.0,60069,60109,_Stage,_Stage,Die,ART,der,19702,,
gdc,k93c.0,60069,60109,_Stage,_Stage,Vorigen,NN,vorige,19702,,
gdc,k93c.0,60069,60109,_Stage,_Stage,.,$.,--,19702,,
gdc,k93c.0,60200,60209,Albina,albina,zugleich,ADV,zugleich,19702,,
gdc,k93c.0,60200,60209,Albina,albina,.,$.,--,19702,,
gdc,k93c.0,60200,60209,Icilius,icilius,zugleich,ADV,zugleich,19702,,
gdc,k93c.0,60200,60209,Icilius,icilius,.,$.,--,19702,,
gdc,k93c.0,60200,60209,Quintus,quintus,zugleich,ADV,zugleich,19702,,
gdc,k93c.0,60200,60209,Quintus,quintus,.,$.,--,19702,,
gdc,k93c.0,60248,60273,Virginia,virginia,Sie,PPER,sie,19702,,
gdc,k93c.0,60248,60273,Virginia,virginia,eilet,VVFIN,eilet,19702,,
gdc,k93c.0,60248,60273,Virginia,virginia,ihn,PPER,ihn,19702,,
gdc,k93c.0,60248,60273,Virginia,virginia,zu,PTKZU,zu,19702,,
gdc,k93c.0,60248,60273,Virginia,virginia,umarmen,VVINF,umarmen,19702,,
gdc,k93c.0,60248,60273,Virginia,virginia,.,$.,--,19702,,
gdc,k93c.0,60735,60756,Virginius,virginius,Sie,PPER,sie,19702,,
gdc,k93c.0,60735,60756,Virginius,virginius,umarmen,VVFIN,umarmen,19702,,
gdc,k93c.0,60735,60756,Virginius,virginius,einander,PRF,einander,19702,,
gdc,k93c.0,60735,60756,Virginius,virginius,.,$.,--,19702,,
gdc,k93c.0,60960,60977,Icilius,icilius,Er,PPER,er,19702,,
gdc,k93c.0,60960,60977,Icilius,icilius,zeigt,VVFIN,zeigen,19702,,
gdc,k93c.0,60960,60977,Icilius,icilius,auf,APPR,auf,19702,,
gdc,k93c.0,60960,60977,Icilius,icilius,ihn,PPER,ihn,19702,,
gdc,k93c.0,60960,60977,Icilius,icilius,.,$.,--,19702,,
gdc,k93c.0,67381,67410,Virginia,virginia,ihrem,PPOSAT,ihr,19702,,
gdc,k93c.0,67381,67410,Virginia,virginia,Vater,NN,vater,19702,,
gdc,k93c.0,67381,67410,Virginia,virginia,die,ART,der,19702,,
gdc,k93c.0,67381,67410,Virginia,virginia,Hand,NN,hand,19702,,
gdc,k93c.0,67381,67410,Virginia,virginia,küssend,ADJD,küssend,19702,,
gdc,k93c.0,67381,67410,Virginia,virginia,.,$.,--,19702,,
gdc,k93c.0,68212,68244,_Stage,_Stage,Lucius,NE,lucius,19702,,(1)
gdc,k93c.0,68212,68244,_Stage,_Stage,.,$.,--,19702,,
gdc,k93c.0,68212,68244,_Stage,_Stage,Mit,APPR,mit,19702,,
gdc,k93c.0,68212,68244,_Stage,_Stage,Wachen,NN,wache,19702,,
gdc,k93c.0,68212,68244,_Stage,_Stage,.,$.,--,19702,,
gdc,k93c.0,68212,68244,_Stage,_Stage,Die,ART,der,19702,,
gdc,k93c.0,68212,68244,_Stage,_Stage,Vorigen,NN,vorige,19702,,
gdc,k93c.0,68212,68244,_Stage,_Stage,.,$.,--,19702,,
gdc,k93c.0,68615,68637,Lucius,lucius,Einige,PIAT,einiger,19702,,
gdc,k93c.0,68615,68637,Lucius,lucius,Römer,NN,römer,19702,,
gdc,k93c.0,68615,68637,Lucius,lucius,gehen,VVFIN,gehen,19702,,
gdc,k93c.0,68615,68637,Lucius,lucius,ab,PTKVZ,ab,19702,,
gdc,k93c.0,68615,68637,Lucius,lucius,.,$.,--,19702,,
gdc,k93c.0,68832,68861,Virginius,virginius,Virginia,NE,virginia,19702,,(2)
gdc,k93c.0,68832,68861,Virginius,virginius,und,KON,und,19702,,
gdc,k93c.0,68832,68861,Virginius,virginius,Albina,NE,albina,19702,,(3)
gdc,k93c.0,68832,68861,Virginius,virginius,gehen,VVFIN,gehen,19702,,
gdc,k93c.0,68832,68861,Virginius,virginius,ab,PTKVZ,ab,19702,,
gdc,k93c.0,68832,68861,Virginius,virginius,.,$.,--,19702,,
gdc,k93c.0,68928,68955,Virginius,virginius,Die,ART,der,19702,,
gdc,k93c.0,68928,68955,Virginius,virginius,übrigen,ADJA,übrig,19702,,
gdc,k93c.0,68928,68955,Virginius,virginius,Römer,NN,römer,19702,,
gdc,k93c.0,68928,68955,Virginius,virginius,gehen,VVFIN,gehen,19702,,
gdc,k93c.0,68928,68955,Virginius,virginius,ab,PTKVZ,ab,19702,,
gdc,k93c.0,68928,68955,Virginius,virginius,.,$.,--,19702,,
gdc,k93c.0,68956,68987,Virginius,virginius,Virgin,PTKVZ,virgin,19702,,
gdc,k93c.0,68956,68987,Virginius,virginius,",","$,",--,19702,,
gdc,k93c.0,68956,68987,Virginius,virginius,indem,KOUS,indem,19702,,
gdc,k93c.0,68956,68987,Virginius,virginius,er,PPER,er,19702,,
gdc,k93c.0,68956,68987,Virginius,virginius,Icilen,NN,icile,19702,,
gdc,k93c.0,68956,68987,Virginius,virginius,umarmt,VVFIN,umarmen,19702,,
gdc,k93c.0,68956,68987,Virginius,virginius,.,$.,--,19702,,
gdc,k93c.0,69105,69163,Icilius,icilius,Icil,ADV,icil,19702,,
gdc,k93c.0,69105,69163,Icilius,icilius,geht,VVFIN,gehen,19702,,
gdc,k93c.0,69105,69163,Icilius,icilius,ab,PTKVZ,ab,19702,,
gdc,k93c.0,69105,69163,Icilius,icilius,;,$.,--,19702,,
gdc,k93c.0,69105,69163,Icilius,icilius,Lucius,NN,lucius,19702,,(1)
gdc,k93c.0,69105,69163,Icilius,icilius,ebenfalls,ADV,ebenfalls,19702,,
gdc,k93c.0,69105,69163,Icilius,icilius,",","$,",--,19702,,
gdc,k93c.0,69105,69163,Icilius,icilius,aber,KON,aber,19702,,
gdc,k93c.0,69105,69163,Icilius,icilius,an,APPR,an,19702,,
gdc,k93c.0,69105,69163,Icilius,icilius,einem,ART,ein,19702,,
gdc,k93c.0,69105,69163,Icilius,icilius,andern,ADJA,anderer,19702,,
gdc,k93c.0,69105,69163,Icilius,icilius,Orte,NN,ort,19702,,
gdc,k93c.0,69105,69163,Icilius,icilius,.,$.,--,19702,,
gdc,k93c.0,69214,69232,_Stage,_Stage,Virginius,NE,virginius,19702,,(9)
gdc,k93c.0,69214,69232,_Stage,_Stage,.,$.,--,19702,,
gdc,k93c.0,69214,69232,_Stage,_Stage,Wachen,NN,wachen,19702,,
gdc,k93c.0,69214,69232,_Stage,_Stage,.,$.,--,19702,,
gdc,k93c.0,69694,69816,_Stage,_Stage,Virginius,NE,virginius,19702,,(9)
gdc,k93c.0,69694,69816,_Stage,_Stage,",","$,",--,19702,,
gdc,k93c.0,69694,69816,_Stage,_Stage,Appius,NE,appius,19702,,(8)
gdc,k93c.0,69694,69816,_Stage,_Stage,",","$,",--,19702,,
gdc,k93c.0,69694,69816,_Stage,_Stage,Lucius,NE,lucius,19702,,(1)
gdc,k93c.0,69694,69816,_Stage,_Stage,",","$,",--,19702,,
gdc,k93c.0,69694,69816,_Stage,_Stage,Lictoren,NN,lictor,19702,,
gdc,k93c.0,69694,69816,_Stage,_Stage,.,$.,--,19702,,
gdc,k93c.0,69694,69816,_Stage,_Stage,Appius,NE,appius,19702,,(8)
gdc,k93c.0,69694,69816,_Stage,_Stage,geht,VVFIN,gehen,19702,,
gdc,k93c.0,69694,69816,_Stage,_Stage,vorwärts,ADV,vorwärts,19702,,
gdc,k93c.0,69694,69816,_Stage,_Stage,zum,APPRART,zu,19702,,
gdc,k93c.0,69694,69816,_Stage,_Stage,Virgin,NN,virgin,19702,,
gdc,k93c.0,69694,69816,_Stage,_Stage,;,$.,--,19702,,
gdc,k93c.0,69694,69816,_Stage,_Stage,Lucius,NN,lucius,19702,,(1)
gdc,k93c.0,69694,69816,_Stage,_Stage,und,KON,und,19702,,
gdc,k93c.0,69694,69816,_Stage,_Stage,die,ART,der,19702,,
gdc,k93c.0,69694,69816,_Stage,_Stage,Lictoren,NN,lictor,19702,,
gdc,k93c.0,69694,69816,_Stage,_Stage,treten,VVFIN,treten,19702,,
gdc,k93c.0,69694,69816,_Stage,_Stage,zurück,PTKVZ,zurück,19702,,
gdc,k93c.0,69694,69816,_Stage,_Stage,zu,APPR,zu,19702,,
gdc,k93c.0,69694,69816,_Stage,_Stage,den,ART,der,19702,,
gdc,k93c.0,69694,69816,_Stage,_Stage,Wachen,NN,wache,19702,,
gdc,k93c.0,69694,69816,_Stage,_Stage,.,$.,--,19702,,
gdc,k93c.0,78022,78047,Virginius,virginius,Er,PPER,er,19702,,
gdc,k93c.0,78022,78047,Virginius,virginius,entblößet,VVFIN,entblößen,19702,,
gdc,k93c.0,78022,78047,Virginius,virginius,seine,PPOSAT,sein,19702,,
gdc,k93c.0,78022,78047,Virginius,virginius,Brust,NN,brust,19702,,
gdc,k93c.0,78022,78047,Virginius,virginius,.,$.,--,19702,,
gdc,k93c.0,79092,79165,Virginius,virginius,Gegen,APPR,gegen,19702,,
gdc,k93c.0,79092,79165,Virginius,virginius,Ende,NN,ende,19702,,
gdc,k93c.0,79092,79165,Virginius,virginius,obiger,ADJA,obig,19702,,
gdc,k93c.0,79092,79165,Virginius,virginius,Rede,NN,rede,19702,,
gdc,k93c.0,79092,79165,Virginius,virginius,zeigt,VVFIN,zeigen,19702,,
gdc,k93c.0,79092,79165,Virginius,virginius,sich,PRF,sich,19702,,
gdc,k93c.0,79092,79165,Virginius,virginius,Virginia,NE,virginia,19702,,(2)
gdc,k93c.0,79092,79165,Virginius,virginius,verschleyert,VVFIN,verschleyern,19702,,
gdc,k93c.0,79092,79165,Virginius,virginius,an,APPR,an,19702,,
gdc,k93c.0,79092,79165,Virginius,virginius,einer,ART,ein,19702,,
gdc,k93c.0,79092,79165,Virginius,virginius,Kulisse,NN,kulisse,19702,,
gdc,k93c.0,79092,79165,Virginius,virginius,.,$.,--,19702,,
gdc,k93c.0,79384,79400,Appius,appius,Er,PPER,er,19702,,
gdc,k93c.0,79384,79400,Appius,appius,will,VMFIN,wollen,19702,,
gdc,k93c.0,79384,79400,Appius,appius,abgehen,VVINF,abgehen,19702,,
gdc,k93c.0,79384,79400,Appius,appius,.,$.,--,19702,,
gdc,k93c.0,79424,79501,_Stage,_Stage,Virginia,NE,virginia,19702,,(2)
gdc,k93c.0,79424,79501,_Stage,_Stage,",","$,",--,19702,,
gdc,k93c.0,79424,79501,_Stage,_Stage,die,PRELS,der,19702,,
gdc,k93c.0,79424,79501,_Stage,_Stage,sich,PRF,sich,19702,,
gdc,k93c.0,79424,79501,_Stage,_Stage,entschleiert,VVFIN,entschleiern,19702,,
gdc,k93c.0,79424,79501,_Stage,_Stage,und,KON,und,19702,,
gdc,k93c.0,79424,79501,_Stage,_Stage,dem,ART,der,19702,,
gdc,k93c.0,79424,79501,_Stage,_Stage,Appius,NN,appius,19702,,(8)
gdc,k93c.0,79424,79501,_Stage,_Stage,in,APPR,in,19702,,
gdc,k93c.0,79424,79501,_Stage,_Stage,den,ART,der,19702,,
gdc,k93c.0,79424,79501,_Stage,_Stage,Weg,NN,weg,19702,,
gdc,k93c.0,79424,79501,_Stage,_Stage,tritt,VVFIN,treten,19702,,
gdc,k93c.0,79424,79501,_Stage,_Stage,.,$.,--,19702,,
gdc,k93c.0,79424,79501,_Stage,_Stage,Die,ART,der,19702,,
gdc,k93c.0,79424,79501,_Stage,_Stage,Vorigen,NN,vorige,19702,,
gdc,k93c.0,79424,79501,_Stage,_Stage,.,$.,--,19702,,
gdc,k93c.0,80591,80623,Appius,appius,Er,PPER,er,19702,,
gdc,k93c.0,80591,80623,Appius,appius,geht,VVFIN,gehen,19702,,
gdc,k93c.0,80591,80623,Appius,appius,ab,PTKVZ,ab,19702,,
gdc,k93c.0,80591,80623,Appius,appius,",","$,",--,19702,,
gdc,k93c.0,80591,80623,Appius,appius,die,ART,der,19702,,
gdc,k93c.0,80591,80623,Appius,appius,Wachen,NN,wache,19702,,
gdc,k93c.0,80591,80623,Appius,appius,nach,APPR,nach,19702,,
gdc,k93c.0,80591,80623,Appius,appius,ihm,PPER,ihm,19702,,
gdc,k93c.0,80591,80623,Appius,appius,.,$.,--,19702,,
gdc,k93c.0,80648,80668,_Stage,_Stage,Virginius,NE,virginius,19702,,(9)
gdc,k93c.0,80648,80668,_Stage,_Stage,.,$.,--,19702,,
gdc,k93c.0,80648,80668,_Stage,_Stage,Virginia,NE,virginia,19702,,(2)
gdc,k93c.0,80648,80668,_Stage,_Stage,.,$.,--,19702,,
gdc,k93c.0,82140,82153,Virginius,virginius,sie,PPER,sie,19702,,
gdc,k93c.0,82140,82153,Virginius,virginius,umarmend,ADJD,umarmend,19702,,
gdc,k93c.0,82140,82153,Virginius,virginius,.,$.,--,19702,,
gdc,k93c.0,82510,82519,Virginius,virginius,Gehen,NN,gehen,19702,,
gdc,k93c.0,82510,82519,Virginius,virginius,ab,PTKVZ,ab,19702,,
gdc,k93c.0,82510,82519,Virginius,virginius,.,$.,--,19702,,
gdc,k93c.0,82599,82672,Valerius,valerius,der,ART,der,19702,,
gdc,k93c.0,82599,82672,Valerius,valerius,vorwerts,ADV,vorwerts,19702,,
gdc,k93c.0,82599,82672,Valerius,valerius,gehet,VVPP,gehet,19702,,
gdc,k93c.0,82599,82672,Valerius,valerius,",","$,",--,19702,,
gdc,k93c.0,82599,82672,Valerius,valerius,indem,KOUS,indem,19702,,
gdc,k93c.0,82599,82672,Valerius,valerius,die,ART,der,19702,,
gdc,k93c.0,82599,82672,Valerius,valerius,capitolinische,ADJA,capitolinisch,19702,,
gdc,k93c.0,82599,82672,Valerius,valerius,Besatzung,NN,besatzung,19702,,
gdc,k93c.0,82599,82672,Valerius,valerius,das,ART,der,19702,,
gdc,k93c.0,82599,82672,Valerius,valerius,Forum,NN,forum,19702,,
gdc,k93c.0,82599,82672,Valerius,valerius,besetzt,VVPP,besetzen,19702,,
gdc,k93c.0,82599,82672,Valerius,valerius,.,$.,--,19702,,
gdc,k93c.0,83527,83566,_Stage,_Stage,Virginius,NE,virginius,19702,,(9)
gdc,k93c.0,83527,83566,_Stage,_Stage,mit,APPR,mit,19702,,
gdc,k93c.0,83527,83566,_Stage,_Stage,einem,ART,ein,19702,,
gdc,k93c.0,83527,83566,_Stage,_Stage,Soldaten,NN,soldat,19702,,
gdc,k93c.0,83527,83566,_Stage,_Stage,.,$.,--,19702,,
gdc,k93c.0,83527,83566,_Stage,_Stage,Valerius,NE,valerius,19702,,(10)
gdc,k93c.0,83527,83566,_Stage,_Stage,.,$.,--,19702,,
gdc,k93c.0,84676,84701,Virginius,virginius,Auf,APPR,auf,19702,,
gdc,k93c.0,84676,84701,Virginius,virginius,die,ART,der,19702,,
gdc,k93c.0,84676,84701,Virginius,virginius,Soldaten,NN,soldat,19702,,
gdc,k93c.0,84676,84701,Virginius,virginius,zeigend,ADJD,zeigend,19702,,
gdc,k93c.0,84676,84701,Virginius,virginius,.,$.,--,19702,,
gdc,k93c.0,86301,86574,Virginius,virginius,Während,APPR,während,19702,,
gdc,k93c.0,86301,86574,Virginius,virginius,der,ART,der,19702,,
gdc,k93c.0,86301,86574,Virginius,virginius,vorstehenden,ADJA,vorstehend,19702,,
gdc,k93c.0,86301,86574,Virginius,virginius,Rede,NN,rede,19702,,
gdc,k93c.0,86301,86574,Virginius,virginius,kommt,VVFIN,kommen,19702,,
gdc,k93c.0,86301,86574,Virginius,virginius,ein,ART,ein,19702,,
gdc,k93c.0,86301,86574,Virginius,virginius,Abgeordneter,NN,abgeordneter,19702,,
gdc,k93c.0,86301,86574,Virginius,virginius,des,ART,der,19702,,
gdc,k93c.0,86301,86574,Virginius,virginius,Appius,NN,appius,19702,,(8)
gdc,k93c.0,86301,86574,Virginius,virginius,",","$,",--,19702,,
gdc,k93c.0,86301,86574,Virginius,virginius,und,KON,und,19702,,
gdc,k93c.0,86301,86574,Virginius,virginius,sagt,VVFIN,sagen,19702,,
gdc,k93c.0,86301,86574,Virginius,virginius,dem,ART,der,19702,,
gdc,k93c.0,86301,86574,Virginius,virginius,Valerius,NN,valerius,19702,,(10)
gdc,k93c.0,86301,86574,Virginius,virginius,einige,PIAT,einiger,19702,,
gdc,k93c.0,86301,86574,Virginius,virginius,Worte,NN,wort,19702,,
gdc,k93c.0,86301,86574,Virginius,virginius,ins,APPRART,in,19702,,
gdc,k93c.0,86301,86574,Virginius,virginius,Ohr,NN,ohr,19702,,
gdc,k93c.0,86301,86574,Virginius,virginius,.,$.,--,19702,,
gdc,k93c.0,86301,86574,Virginius,virginius,Dieser,PDS,dieser,19702,,
gdc,k93c.0,86301,86574,Virginius,virginius,winket,VVFIN,winket,19702,,
gdc,k93c.0,86301,86574,Virginius,virginius,rückwärts,ADV,rückwärts,19702,,
gdc,k93c.0,86301,86574,Virginius,virginius,",","$,",--,19702,,
gdc,k93c.0,86301,86574,Virginius,virginius,und,KON,und,19702,,
gdc,k93c.0,86301,86574,Virginius,virginius,man,PIS,man,19702,,
gdc,k93c.0,86301,86574,Virginius,virginius,gibt,VVFIN,geben,19702,,
gdc,k93c.0,86301,86574,Virginius,virginius,vom,APPRART,von,19702,,
gdc,k93c.0,86301,86574,Virginius,virginius,Capitol,NE,capitol,19702,,
gdc,k93c.0,86301,86574,Virginius,virginius,durch,APPR,durch,19702,,
gdc,k93c.0,86301,86574,Virginius,virginius,Trompetenschall,NN,trompetenschall,19702,,
gdc,k93c.0,86301,86574,Virginius,virginius,das,ART,der,19702,,
gdc,k93c.0,86301,86574,Virginius,virginius,Zeichen,NN,zeichen,19702,,
gdc,k93c.0,86301,86574,Virginius,virginius,zur,APPRART,zu,19702,,
gdc,k93c.0,86301,86574,Virginius,virginius,Versammlung,NN,versammlung,19702,,
gdc,k93c.0,86301,86574,Virginius,virginius,",","$,",--,19702,,
gdc,k93c.0,86301,86574,Virginius,virginius,worauf,PWAV,worauf,19702,,
gdc,k93c.0,86301,86574,Virginius,virginius,sich,PRF,sich,19702,,
gdc,k93c.0,86301,86574,Virginius,virginius,sogleich,ADV,sogleich,19702,,
gdc,k93c.0,86301,86574,Virginius,virginius,–,ADV,–,19702,,
gdc,k93c.0,86301,86574,Virginius,virginius,doch,ADV,doch,19702,,
gdc,k93c.0,86301,86574,Virginius,virginius,nach,PTKVZ,nach,19702,,
gdc,k93c.0,86301,86574,Virginius,virginius,und,KON,und,19702,,
gdc,k93c.0,86301,86574,Virginius,virginius,nach,PTKVZ,nach,19702,,
gdc,k93c.0,86301,86574,Virginius,virginius,–,KON,–,19702,,
gdc,k93c.0,86301,86574,Virginius,virginius,das,ART,der,19702,,
gdc,k93c.0,86301,86574,Virginius,virginius,Volk,NN,volk,19702,,
gdc,k93c.0,86301,86574,Virginius,virginius,einfindet,VVFIN,einfinden,19702,,
gdc,k93c.0,86301,86574,Virginius,virginius,.,$.,--,19702,,
gdc,k93c.0,87510,87552,_Stage,_Stage,Virginia,NE,virginia,19702,,(2)
gdc,k93c.0,87510,87552,_Stage,_Stage,.,$.,--,19702,,
gdc,k93c.0,87510,87552,_Stage,_Stage,Numitorius,NE,numitorius,19702,,(6)
gdc,k93c.0,87510,87552,_Stage,_Stage,.,$.,--,19702,,
gdc,k93c.0,87510,87552,_Stage,_Stage,Albina,NE,albina,19702,,(3)
gdc,k93c.0,87510,87552,_Stage,_Stage,.,$.,--,19702,,
gdc,k93c.0,87510,87552,_Stage,_Stage,Die,ART,der,19702,,
gdc,k93c.0,87510,87552,_Stage,_Stage,Vorigen,NN,vorige,19702,,
gdc,k93c.0,87510,87552,_Stage,_Stage,.,$.,--,19702,,
gdc,k93c.0,89563,89576,Virginius,virginius,sie,PPER,sie,19702,,
gdc,k93c.0,89563,89576,Virginius,virginius,umarmend,ADJD,umarmend,19702,,
gdc,k93c.0,89563,89576,Virginius,virginius,.,$.,--,19702,,
gdc,k93c.0,89970,90037,_Stage,_Stage,Icilius,NE,icilius,19702,,(7)
gdc,k93c.0,89970,90037,_Stage,_Stage,mit,APPR,mit,19702,,
gdc,k93c.0,89970,90037,_Stage,_Stage,entblößtem,ADJA,entblößt,19702,,
gdc,k93c.0,89970,90037,_Stage,_Stage,Schwert,NN,schwert,19702,,
gdc,k93c.0,89970,90037,_Stage,_Stage,.,$.,--,19702,,
gdc,k93c.0,89970,90037,_Stage,_Stage,Quintus,NE,quintus,19702,,(4)
gdc,k93c.0,89970,90037,_Stage,_Stage,.,$.,--,19702,,
gdc,k93c.0,89970,90037,_Stage,_Stage,Einige,PIS,einiger,19702,,
gdc,k93c.0,89970,90037,_Stage,_Stage,Römer,NE,römer,19702,,
gdc,k93c.0,89970,90037,_Stage,_Stage,.,$.,--,19702,,
gdc,k93c.0,89970,90037,_Stage,_Stage,Die,ART,der,19702,,
gdc,k93c.0,89970,90037,_Stage,_Stage,Vorigen,NN,vorige,19702,,
gdc,k93c.0,89970,90037,_Stage,_Stage,.,$.,--,19702,,
gdc,k93c.0,90452,90472,Virginia,virginia,mit,APPR,mit,19702,,
gdc,k93c.0,90452,90472,Virginia,virginia,obigen,ADJA,obig,19702,,
gdc,k93c.0,90452,90472,Virginia,virginia,zugleich,ADV,zugleich,19702,,
gdc,k93c.0,90452,90472,Virginia,virginia,.,$.,--,19702,,
gdc,k93c.0,90596,90623,Icilius,icilius,Er,PPER,er,19702,,
gdc,k93c.0,90596,90623,Icilius,icilius,steckt,VVFIN,stecken,19702,,
gdc,k93c.0,90596,90623,Icilius,icilius,sein,PPOSAT,sein,19702,,
gdc,k93c.0,90596,90623,Icilius,icilius,Schwert,NN,schwert,19702,,
gdc,k93c.0,90596,90623,Icilius,icilius,ein,PTKVZ,ein,19702,,
gdc,k93c.0,90596,90623,Icilius,icilius,.,$.,--,19702,,
gdc,k93c.0,92597,92632,Icilius,icilius,Er,PPER,er,19702,,
gdc,k93c.0,92597,92632,Icilius,icilius,drückt,VVFIN,drücken,19702,,
gdc,k93c.0,92597,92632,Icilius,icilius,ihre,PPOSAT,ihr,19702,,
gdc,k93c.0,92597,92632,Icilius,icilius,Hand,NN,hand,19702,,
gdc,k93c.0,92597,92632,Icilius,icilius,an,APPR,an,19702,,
gdc,k93c.0,92597,92632,Icilius,icilius,seinen,PPOSAT,sein,19702,,
gdc,k93c.0,92597,92632,Icilius,icilius,Mund,NN,mund,19702,,
gdc,k93c.0,92597,92632,Icilius,icilius,.,$.,--,19702,,
gdc,k93c.0,92645,92666,Valerius,valerius,leise,ADV,leise,19702,,
gdc,k93c.0,92645,92666,Valerius,valerius,zum,APPRART,zu,19702,,
gdc,k93c.0,92645,92666,Valerius,valerius,Numitorius,NN,numitorius,19702,,(6)
gdc,k93c.0,92645,92666,Valerius,valerius,.,$.,--,19702,,
gdc,k93c.0,93468,93519,Virginius,virginius,indem,KOUS,indem,19702,,
gdc,k93c.0,93468,93519,Virginius,virginius,er,PPER,er,19702,,
gdc,k93c.0,93468,93519,Virginius,virginius,zu,APPR,zu,19702,,
gdc,k93c.0,93468,93519,Virginius,virginius,ihm,PPER,ihm,19702,,
gdc,k93c.0,93468,93519,Virginius,virginius,eilt,VVFIN,eilen,19702,,
gdc,k93c.0,93468,93519,Virginius,virginius,und,KON,und,19702,,
gdc,k93c.0,93468,93519,Virginius,virginius,ihn,PPER,ihn,19702,,
gdc,k93c.0,93468,93519,Virginius,virginius,mit,APPR,mit,19702,,
gdc,k93c.0,93468,93519,Virginius,virginius,Heftigkeit,NN,heftigkeit,19702,,
gdc,k93c.0,93468,93519,Virginius,virginius,umarmt,VVFIN,umarmen,19702,,
gdc,k93c.0,93468,93519,Virginius,virginius,.,$.,--,19702,,
gdc,k93c.0,94045,94133,Virginius,virginius,Ein,ART,ein,19702,,
gdc,k93c.0,94045,94133,Virginius,virginius,Abgeordneter,NN,abgeordneter,19702,,
gdc,k93c.0,94045,94133,Virginius,virginius,des,ART,der,19702,,
gdc,k93c.0,94045,94133,Virginius,virginius,Appius,NN,appius,19702,,(8)
gdc,k93c.0,94045,94133,Virginius,virginius,kommt,VVFIN,kommen,19702,,
gdc,k93c.0,94045,94133,Virginius,virginius,in,APPR,in,19702,,
gdc,k93c.0,94045,94133,Virginius,virginius,Eile,NN,eile,19702,,
gdc,k93c.0,94045,94133,Virginius,virginius,und,KON,und,19702,,
gdc,k93c.0,94045,94133,Virginius,virginius,spricht,VVFIN,sprechen,19702,,
gdc,k93c.0,94045,94133,Virginius,virginius,dem,ART,der,19702,,
gdc,k93c.0,94045,94133,Virginius,virginius,Vater,NN,vater,19702,,
gdc,k93c.0,94045,94133,Virginius,virginius,einige,PIAT,einiger,19702,,
gdc,k93c.0,94045,94133,Virginius,virginius,Worte,NN,wort,19702,,
gdc,k93c.0,94045,94133,Virginius,virginius,in,APPR,in,19702,,
gdc,k93c.0,94045,94133,Virginius,virginius,das,ART,der,19702,,
gdc,k93c.0,94045,94133,Virginius,virginius,Ohr,NN,ohr,19702,,
gdc,k93c.0,94045,94133,Virginius,virginius,.,$.,--,19702,,
gdc,k93c.0,94449,94546,Virginius,virginius,Zween,PPOSAT,zwee,19702,,
gdc,k93c.0,94449,94546,Virginius,virginius,Soldaten,NN,soldat,19702,,
gdc,k93c.0,94449,94546,Virginius,virginius,treten,VVFIN,treten,19702,,
gdc,k93c.0,94449,94546,Virginius,virginius,hinter,APPR,hinter,19702,,
gdc,k93c.0,94449,94546,Virginius,virginius,den,ART,der,19702,,
gdc,k93c.0,94449,94546,Virginius,virginius,Icil,NN,icil,19702,,
gdc,k93c.0,94449,94546,Virginius,virginius,:,$.,--,19702,,
gdc,k93c.0,94449,94546,Virginius,virginius,er,PPER,er,19702,,
gdc,k93c.0,94449,94546,Virginius,virginius,überreicht,VVFIN,überreichen,19702,,
gdc,k93c.0,94449,94546,Virginius,virginius,ihnen,PPER,ihnen,19702,,
gdc,k93c.0,94449,94546,Virginius,virginius,sein,PPOSAT,sein,19702,,
gdc,k93c.0,94449,94546,Virginius,virginius,Schwert,NN,schwert,19702,,
gdc,k93c.0,94449,94546,Virginius,virginius,.,$.,--,19702,,
gdc,k93c.0,94449,94546,Virginius,virginius,Der,ART,der,19702,,
gdc,k93c.0,94449,94546,Virginius,virginius,Abgeordnete,NN,abgeordneter,19702,,
gdc,k93c.0,94449,94546,Virginius,virginius,geht,VVFIN,gehen,19702,,
gdc,k93c.0,94449,94546,Virginius,virginius,ab,PTKVZ,ab,19702,,
gdc,k93c.0,94449,94546,Virginius,virginius,.,$.,--,19702,,
gdc,k93c.0,95674,95687,Icilius,icilius,Ihn,PPER,ihn,19702,,
gdc,k93c.0,95674,95687,Icilius,icilius,umarmend,ADJD,umarmend,19702,,
gdc,k93c.0,95674,95687,Icilius,icilius,.,$.,--,19702,,
gdc,k93c.0,95760,95763,Icilius,icilius,Ab,NN,ab,19702,,
gdc,k93c.0,95760,95763,Icilius,icilius,.,$.,--,19702,,
gdc,k93c.0,95992,96096,_Stage,_Stage,Appius,NE,appius,19702,,(8)
gdc,k93c.0,95992,96096,_Stage,_Stage,vor,APPR,vor,19702,,
gdc,k93c.0,95992,96096,_Stage,_Stage,dem,ART,der,19702,,
gdc,k93c.0,95992,96096,_Stage,_Stage,Wachen,NN,wache,19702,,
gdc,k93c.0,95992,96096,_Stage,_Stage,und,KON,und,19702,,
gdc,k93c.0,95992,96096,_Stage,_Stage,Lictoren,NN,lictor,19702,,
gdc,k93c.0,95992,96096,_Stage,_Stage,gehn,CARD,gehn,19702,,
gdc,k93c.0,95992,96096,_Stage,_Stage,;,$.,--,19702,,
gdc,k93c.0,95992,96096,_Stage,_Stage,nach,APPR,nach,19702,,
gdc,k93c.0,95992,96096,_Stage,_Stage,ihm,PPER,ihm,19702,,
gdc,k93c.0,95992,96096,_Stage,_Stage,.,$.,--,19702,,
gdc,k93c.0,95992,96096,_Stage,_Stage,Lucius,NE,lucius,19702,,(1)
gdc,k93c.0,95992,96096,_Stage,_Stage,mit,APPR,mit,19702,,
gdc,k93c.0,95992,96096,_Stage,_Stage,Marcus,NE,marcus,19702,,(0)
gdc,k93c.0,95992,96096,_Stage,_Stage,Zeugen,NN,zeuge,19702,,
gdc,k93c.0,95992,96096,_Stage,_Stage,und,KON,und,19702,,
gdc,k93c.0,95992,96096,_Stage,_Stage,ein,ART,ein,19702,,
gdc,k93c.0,95992,96096,_Stage,_Stage,paar,PIAT,paar,19702,,
gdc,k93c.0,95992,96096,_Stage,_Stage,andern,ADJA,anderer,19702,,
gdc,k93c.0,95992,96096,_Stage,_Stage,Bürgern,NN,bürger,19702,,
gdc,k93c.0,95992,96096,_Stage,_Stage,.,$.,--,19702,,
gdc,k93c.0,96105,96130,Appius,appius,nachdem,KOUS,nachdem,19702,,
gdc,k93c.0,96105,96130,Appius,appius,er,PPER,er,19702,,
gdc,k93c.0,96105,96130,Appius,appius,sich,PRF,sich,19702,,
gdc,k93c.0,96105,96130,Appius,appius,gesetzet,VVPP,setzen,19702,,
gdc,k93c.0,96105,96130,Appius,appius,.,$.,--,19702,,
gdc,k93c.0,101514,101538,Virginius,virginius,da,KOUS,da,19702,,
gdc,k93c.0,101514,101538,Virginius,virginius,die,ART,der,19702,,(19
gdc,k93c.0,101514,101538,Virginius,virginius,Zeugen,NN,zeuge,19702,,19)
gdc,k93c.0,101514,101538,Virginius,virginius,vortreten,VVFIN,vortreten,19702,,
gdc,k93c.0,101514,101538,Virginius,virginius,.,$.,--,19702,,
gdc,k93c.0,101738,101771,Appius,appius,Die,ART,der,19702,,
gdc,k93c.0,101738,101771,Appius,appius,Lictoren,NN,lictor,19702,,
gdc,k93c.0,101738,101771,Appius,appius,befolgen,VVFIN,befolgen,19702,,
gdc,k93c.0,101738,101771,Appius,appius,den,ART,der,19702,,
gdc,k93c.0,101738,101771,Appius,appius,Befehl,NN,befehl,19702,,
gdc,k93c.0,101738,101771,Appius,appius,.,$.,--,19702,,
gdc,k93c.0,102397,102416,Virginia,virginia,Umarmung,NN,umarmung,19702,,
gdc,k93c.0,102397,102416,Virginia,virginia,und,KON,und,19702,,
gdc,k93c.0,102397,102416,Virginia,virginia,Pause,NN,pause,19702,,
gdc,k93c.0,102397,102416,Virginia,virginia,.,$.,--,19702,,
gdc,k93c.0,102589,102610,Virginius,virginius,Sie,PPER,sie,19702,,
gdc,k93c.0,102589,102610,Virginius,virginius,küßt,VVFIN,küssen,19702,,
gdc,k93c.0,102589,102610,Virginius,virginius,ihn,PPER,ihn,19702,,
gdc,k93c.0,102589,102610,Virginius,virginius,.,$.,--,19702,,
gdc,k93c.0,102589,102610,Virginius,virginius,Er,PPER,er,19702,,
gdc,k93c.0,102589,102610,Virginius,virginius,sie,PPER,sie,19702,,
gdc,k93c.0,102589,102610,Virginius,virginius,.,$.,--,19702,,
gdc,k93c.0,102629,102667,Virginius,virginius,Er,PPER,er,19702,,
gdc,k93c.0,102629,102667,Virginius,virginius,stoßt,VVFIN,stoßen,19702,,
gdc,k93c.0,102629,102667,Virginius,virginius,ihr,PPER,ihr,19702,,
gdc,k93c.0,102629,102667,Virginius,virginius,einen,ART,ein,19702,,
gdc,k93c.0,102629,102667,Virginius,virginius,Dolch,NN,dolch,19702,,
gdc,k93c.0,102629,102667,Virginius,virginius,in,APPR,in,19702,,
gdc,k93c.0,102629,102667,Virginius,virginius,die,ART,der,19702,,
gdc,k93c.0,102629,102667,Virginius,virginius,Brust,NN,brust,19702,,
gdc,k93c.0,102629,102667,Virginius,virginius,.,$.,--,19702,,
gdc,k93c.0,102680,102694,Virginia,virginia,niedersinkend,ADJD,niedersinkend,19702,,
gdc,k93c.0,102680,102694,Virginia,virginia,.,$.,--,19702,,
gdc,k93c.0,102723,102734,Virginia,virginia,Sie,PPER,sie,19702,,
gdc,k93c.0,102723,102734,Virginia,virginia,stirbt,VVFIN,sterben,19702,,
gdc,k93c.0,102723,102734,Virginia,virginia,.,$.,--,19702,,
gdc,k93c.0,102785,102830,Virginius,virginius,indem,KOUS,indem,19702,,
gdc,k93c.0,102785,102830,Virginius,virginius,er,PPER,er,19702,,
gdc,k93c.0,102785,102830,Virginius,virginius,den,ART,der,19702,,
gdc,k93c.0,102785,102830,Virginius,virginius,Dolch,NN,dolch,19702,,
gdc,k93c.0,102785,102830,Virginius,virginius,zu,APPR,zu,19702,,
gdc,k93c.0,102785,102830,Virginius,virginius,des,ART,der,19702,,
gdc,k93c.0,102785,102830,Virginius,virginius,Appius,NN,appius,19702,,(8)
gdc,k93c.0,102785,102830,Virginius,virginius,Füßen,NN,fuß,19702,,
gdc,k93c.0,102785,102830,Virginius,virginius,wirft,VVFIN,werfen,19702,,
gdc,k93c.0,102785,102830,Virginius,virginius,.,$.,--,19702,,
gdc,k93c.0,103269,103359,Appius,appius,Er,PPER,er,19702,,
gdc,k93c.0,103269,103359,Appius,appius,geht,VVFIN,gehen,19702,,
gdc,k93c.0,103269,103359,Appius,appius,den,ART,der,19702,,
gdc,k93c.0,103269,103359,Appius,appius,Lictoren,NN,lictor,19702,,
gdc,k93c.0,103269,103359,Appius,appius,gelassen,ADJD,gelassen,19702,,
gdc,k93c.0,103269,103359,Appius,appius,entgegen,PTKVZ,entgegen,19702,,
gdc,k93c.0,103269,103359,Appius,appius,:,$.,--,19702,,
gdc,k93c.0,103269,103359,Appius,appius,zu,APPR,zu,19702,,
gdc,k93c.0,103269,103359,Appius,appius,gleicher,ADJA,gleich,19702,,
gdc,k93c.0,103269,103359,Appius,appius,Zeit,NN,zeit,19702,,
gdc,k93c.0,103269,103359,Appius,appius,entsteht,VVFIN,entstehen,19702,,
gdc,k93c.0,103269,103359,Appius,appius,Geräusch,NN,geräusch,19702,,
gdc,k93c.0,103269,103359,Appius,appius,unter,APPR,unter,19702,,
gdc,k93c.0,103269,103359,Appius,appius,dem,ART,der,19702,,
gdc,k93c.0,103269,103359,Appius,appius,Volk,NN,volk,19702,,
gdc,k93c.0,103269,103359,Appius,appius,.,$.,--,19702,,
gdc,k93c.0,103385,103456,_Stage,_Stage,Lälia,NE,lälia,19702,,(11)
gdc,k93c.0,103385,103456,_Stage,_Stage,",","$,",--,19702,,
gdc,k93c.0,103385,103456,_Stage,_Stage,die,PRELS,der,19702,,
gdc,k93c.0,103385,103456,_Stage,_Stage,eilig,ADJD,eilig,19702,,
gdc,k93c.0,103385,103456,_Stage,_Stage,kommt,VVFIN,kommen,19702,,
gdc,k93c.0,103385,103456,_Stage,_Stage,",","$,",--,19702,,
gdc,k93c.0,103385,103456,_Stage,_Stage,und,KON,und,19702,,
gdc,k93c.0,103385,103456,_Stage,_Stage,sich,PRF,sich,19702,,
gdc,k93c.0,103385,103456,_Stage,_Stage,durch,APPR,durch,19702,,
gdc,k93c.0,103385,103456,_Stage,_Stage,das,ART,der,19702,,
gdc,k93c.0,103385,103456,_Stage,_Stage,Volk,NN,volk,19702,,
gdc,k93c.0,103385,103456,_Stage,_Stage,und,KON,und,19702,,
gdc,k93c.0,103385,103456,_Stage,_Stage,die,ART,der,19702,,
gdc,k93c.0,103385,103456,_Stage,_Stage,Wachen,NN,wache,19702,,
gdc,k93c.0,103385,103456,_Stage,_Stage,dränget,VVFIN,drängen,19702,,
gdc,k93c.0,103385,103456,_Stage,_Stage,.,$.,--,19702,,
gdc,k93c.0,103504,103516,Appius,appius,aufgebracht,VVPP,aufbringen,19702,,
gdc,k93c.0,103504,103516,Appius,appius,.,$.,--,19702,,
gdc,k93c.0,103665,103770,Lälia,laelia,mit,APPR,mit,19702,,
gdc,k93c.0,103665,103770,Lälia,laelia,einigen,PIAT,einiger,19702,,
gdc,k93c.0,103665,103770,Lälia,laelia,Papieren,NN,papier,19702,,
gdc,k93c.0,103665,103770,Lälia,laelia,in,APPR,in,19702,,
gdc,k93c.0,103665,103770,Lälia,laelia,der,ART,der,19702,,
gdc,k93c.0,103665,103770,Lälia,laelia,Hand,NN,hand,19702,,
gdc,k93c.0,103665,103770,Lälia,laelia,.,$.,--,19702,,
gdc,k93c.0,103665,103770,Lälia,laelia,Sie,PPER,sie,19702,,
gdc,k93c.0,103665,103770,Lälia,laelia,trift,VVFIN,trifen,19702,,
gdc,k93c.0,103665,103770,Lälia,laelia,",","$,",--,19702,,
gdc,k93c.0,103665,103770,Lälia,laelia,da,KOUS,da,19702,,
gdc,k93c.0,103665,103770,Lälia,laelia,sie,PPER,sie,19702,,
gdc,k93c.0,103665,103770,Lälia,laelia,durch,APPR,durch,19702,,
gdc,k93c.0,103665,103770,Lälia,laelia,das,ART,der,19702,,
gdc,k93c.0,103665,103770,Lälia,laelia,Volk,NN,volk,19702,,
gdc,k93c.0,103665,103770,Lälia,laelia,kommt,VVFIN,kommen,19702,,
gdc,k93c.0,103665,103770,Lälia,laelia,",","$,",--,19702,,
gdc,k93c.0,103665,103770,Lälia,laelia,gerade,ADV,gerade,19702,,
gdc,k93c.0,103665,103770,Lälia,laelia,auf,APPR,auf,19702,,
gdc,k93c.0,103665,103770,Lälia,laelia,Virginiens,NE,virginien,19702,,
gdc,k93c.0,103665,103770,Lälia,laelia,Leichnam,NE,leichnam,19702,,
gdc,k93c.0,103665,103770,Lälia,laelia,.,$.,--,19702,,
gdc,k93c.0,104643,104734,Lälia,laelia,indem,KOUS,indem,19702,,
gdc,k93c.0,104643,104734,Lälia,laelia,sie,PPER,sie,19702,,
gdc,k93c.0,104643,104734,Lälia,laelia,die,ART,der,19702,,
gdc,k93c.0,104643,104734,Lälia,laelia,Briefe,NN,brief,19702,,
gdc,k93c.0,104643,104734,Lälia,laelia,unter,APPR,unter,19702,,
gdc,k93c.0,104643,104734,Lälia,laelia,das,ART,der,19702,,
gdc,k93c.0,104643,104734,Lälia,laelia,Volk,NN,volk,19702,,
gdc,k93c.0,104643,104734,Lälia,laelia,wirft,VVFIN,werfen,19702,,
gdc,k93c.0,104643,104734,Lälia,laelia,.,$.,--,19702,,
gdc,k93c.0,104643,104734,Lälia,laelia,Valerius,NE,valerius,19702,,(10)
gdc,k93c.0,104643,104734,Lälia,laelia,hebt,VVFIN,heben,19702,,
gdc,k93c.0,104643,104734,Lälia,laelia,sogleich,ADV,sogleich,19702,,
gdc,k93c.0,104643,104734,Lälia,laelia,einen,PIS,ein,19702,,
gdc,k93c.0,104643,104734,Lälia,laelia,auf,PTKVZ,auf,19702,,
gdc,k93c.0,104643,104734,Lälia,laelia,",","$,",--,19702,,
gdc,k93c.0,104643,104734,Lälia,laelia,und,KON,und,19702,,
gdc,k93c.0,104643,104734,Lälia,laelia,liest,VVFIN,lesen,19702,,
gdc,k93c.0,104643,104734,Lälia,laelia,ihn,PPER,ihn,19702,,
gdc,k93c.0,104643,104734,Lälia,laelia,.,$.,--,19702,,
gdc,k93c.0,105107,105129,Appius,appius,Man,PIS,man,19702,,
gdc,k93c.0,105107,105129,Appius,appius,will,VMFIN,wollen,19702,,
gdc,k93c.0,105107,105129,Appius,appius,sie,PPER,sie,19702,,
gdc,k93c.0,105107,105129,Appius,appius,abführen,VVINF,abführen,19702,,
gdc,k93c.0,105107,105129,Appius,appius,.,$.,--,19702,,
gdc,k93c.0,105385,105403,Valerius,valerius,Zu,APPR,zu,19702,,
gdc,k93c.0,105385,105403,Valerius,valerius,einem,ART,ein,19702,,
gdc,k93c.0,105385,105403,Valerius,valerius,Offizier,NN,offizier,19702,,
gdc,k93c.0,105385,105403,Valerius,valerius,.,$.,--,19702,,
gdc,k93c.0,105420,105441,Valerius,valerius,Der,ART,der,19702,,
gdc,k93c.0,105420,105441,Valerius,valerius,Offizier,NN,offizier,19702,,
gdc,k93c.0,105420,105441,Valerius,valerius,geht,VVFIN,gehen,19702,,
gdc,k93c.0,105420,105441,Valerius,valerius,ab,PTKVZ,ab,19702,,
gdc,k93c.0,105420,105441,Valerius,valerius,.,$.,--,19702,,
gdc,k93c.0,105514,105607,Valerius,valerius,Er,PPER,er,19702,,
gdc,k93c.0,105514,105607,Valerius,valerius,gibt,VVFIN,geben,19702,,
gdc,k93c.0,105514,105607,Valerius,valerius,Virgin,NE,virgin,19702,,
gdc,k93c.0,105514,105607,Valerius,valerius,den,ART,der,19702,,
gdc,k93c.0,105514,105607,Valerius,valerius,Brief,NN,brief,19702,,
gdc,k93c.0,105514,105607,Valerius,valerius,;,$.,--,19702,,
gdc,k93c.0,105514,105607,Valerius,valerius,Dieser,PDS,dieser,19702,,
gdc,k93c.0,105514,105607,Valerius,valerius,lieset,VVFIN,liesen,19702,,
gdc,k93c.0,105514,105607,Valerius,valerius,",","$,",--,19702,,
gdc,k93c.0,105514,105607,Valerius,valerius,und,KON,und,19702,,
gdc,k93c.0,105514,105607,Valerius,valerius,wirft,VVFIN,werfen,19702,,
gdc,k93c.0,105514,105607,Valerius,valerius,sich,PRF,sich,19702,,
gdc,k93c.0,105514,105607,Valerius,valerius,dann,ADV,dann,19702,,
gdc,k93c.0,105514,105607,Valerius,valerius,auf,APPR,auf,19702,,
gdc,k93c.0,105514,105607,Valerius,valerius,den,ART,der,19702,,
gdc,k93c.0,105514,105607,Valerius,valerius,Leichnam,NN,leichnam,19702,,
gdc,k93c.0,105514,105607,Valerius,valerius,seiner,PPOSAT,sein,19702,,
gdc,k93c.0,105514,105607,Valerius,valerius,Tochter,NN,tochter,19702,,
gdc,k93c.0,105514,105607,Valerius,valerius,.,$.,--,19702,,
gdc,k93c.0,105618,105639,Appius,appius,aufstehend,ADJD,aufstehend,19702,,
gdc,k93c.0,105618,105639,Appius,appius,zum,APPRART,zu,19702,,
gdc,k93c.0,105618,105639,Appius,appius,Valer,NN,valer,19702,,
gdc,k93c.0,105618,105639,Appius,appius,.,$.,--,19702,,
gdc,k93c.0,105896,105929,Ruffus,ruffus,der,ART,der,19702,,
gdc,k93c.0,105896,105929,Ruffus,ruffus,einen,PIS,einer,19702,,
gdc,k93c.0,105896,105929,Ruffus,ruffus,von,APPR,von,19702,,
gdc,k93c.0,105896,105929,Ruffus,ruffus,den,ART,der,19702,,
gdc,k93c.0,105896,105929,Ruffus,ruffus,Briefen,NN,brief,19702,,
gdc,k93c.0,105896,105929,Ruffus,ruffus,zeiget,VVFIN,zeigen,19702,,
gdc,k93c.0,105896,105929,Ruffus,ruffus,.,$.,--,19702,,
gdc,k93c.0,106148,106173,Lälia,laelia,Geräusch,NN,geräusch,19702,,
gdc,k93c.0,106148,106173,Lälia,laelia,unter,APPR,unter,19702,,
gdc,k93c.0,106148,106173,Lälia,laelia,dem,ART,der,19702,,
gdc,k93c.0,106148,106173,Lälia,laelia,Volke,NN,volke,19702,,
gdc,k93c.0,106148,106173,Lälia,laelia,.,$.,--,19702,,
gdc,k93c.0,106230,106484,Ruffus,ruffus,Er,PPER,er,19702,,
gdc,k93c.0,106230,106484,Ruffus,ruffus,und,KON,und,19702,,
gdc,k93c.0,106230,106484,Ruffus,ruffus,einige,PIAT,einiger,19702,,
gdc,k93c.0,106230,106484,Ruffus,ruffus,Bürger,NN,bürger,19702,,
gdc,k93c.0,106230,106484,Ruffus,ruffus,gehen,VVFIN,gehen,19702,,
gdc,k93c.0,106230,106484,Ruffus,ruffus,auf,APPR,auf,19702,,
gdc,k93c.0,106230,106484,Ruffus,ruffus,den,ART,der,19702,,
gdc,k93c.0,106230,106484,Ruffus,ruffus,Appius,NN,appius,19702,,(8)
gdc,k93c.0,106230,106484,Ruffus,ruffus,los,PTKVZ,los,19702,,
gdc,k93c.0,106230,106484,Ruffus,ruffus,.,$.,--,19702,,
gdc,k93c.0,106230,106484,Ruffus,ruffus,Dieser,PDS,dieser,19702,,
gdc,k93c.0,106230,106484,Ruffus,ruffus,zücket,VVFIN,zücket,19702,,
gdc,k93c.0,106230,106484,Ruffus,ruffus,sein,PPOSAT,sein,19702,,
gdc,k93c.0,106230,106484,Ruffus,ruffus,unter,APPR,unter,19702,,
gdc,k93c.0,106230,106484,Ruffus,ruffus,der,ART,der,19702,,
gdc,k93c.0,106230,106484,Ruffus,ruffus,Toga,NE,toga,19702,,
gdc,k93c.0,106230,106484,Ruffus,ruffus,verborgenes,ADJA,verborgen,19702,,
gdc,k93c.0,106230,106484,Ruffus,ruffus,Schwert,NN,schwert,19702,,
gdc,k93c.0,106230,106484,Ruffus,ruffus,",","$,",--,19702,,
gdc,k93c.0,106230,106484,Ruffus,ruffus,indem,KOUS,indem,19702,,
gdc,k93c.0,106230,106484,Ruffus,ruffus,er,PPER,er,19702,,
gdc,k93c.0,106230,106484,Ruffus,ruffus,von,APPR,von,19702,,
gdc,k93c.0,106230,106484,Ruffus,ruffus,den,ART,der,19702,,
gdc,k93c.0,106230,106484,Ruffus,ruffus,Richterstuhl,NN,richterstuhl,19702,,
gdc,k93c.0,106230,106484,Ruffus,ruffus,herab,ADV,herab,19702,,
gdc,k93c.0,106230,106484,Ruffus,ruffus,tritt,VVFIN,treten,19702,,
gdc,k93c.0,106230,106484,Ruffus,ruffus,sich,PRF,sich,19702,,
gdc,k93c.0,106230,106484,Ruffus,ruffus,zur,APPRART,zu,19702,,
gdc,k93c.0,106230,106484,Ruffus,ruffus,Wehre,NN,wehre,19702,,
gdc,k93c.0,106230,106484,Ruffus,ruffus,zu,PTKZU,zu,19702,,
gdc,k93c.0,106230,106484,Ruffus,ruffus,stellen,VVINF,stellen,19702,,
gdc,k93c.0,106230,106484,Ruffus,ruffus,.,$.,--,19702,,
gdc,k93c.0,106230,106484,Ruffus,ruffus,Zu,APPR,zu,19702,,
gdc,k93c.0,106230,106484,Ruffus,ruffus,gleicher,ADJA,gleich,19702,,
gdc,k93c.0,106230,106484,Ruffus,ruffus,Zeit,NN,zeit,19702,,
gdc,k93c.0,106230,106484,Ruffus,ruffus,stellt,VVFIN,stellen,19702,,
gdc,k93c.0,106230,106484,Ruffus,ruffus,sich,PRF,sich,19702,,
gdc,k93c.0,106230,106484,Ruffus,ruffus,Valerius,NE,valerius,19702,,(10)
gdc,k93c.0,106230,106484,Ruffus,ruffus,dem,ART,der,19702,,
gdc,k93c.0,106230,106484,Ruffus,ruffus,herannahenden,ADJA,herannahend,19702,,
gdc,k93c.0,106230,106484,Ruffus,ruffus,Volke,NN,volk,19702,,
gdc,k93c.0,106230,106484,Ruffus,ruffus,in,APPR,in,19702,,
gdc,k93c.0,106230,106484,Ruffus,ruffus,den,ART,der,19702,,
gdc,k93c.0,106230,106484,Ruffus,ruffus,Weg,NN,weg,19702,,
gdc,k93c.0,106230,106484,Ruffus,ruffus,",","$,",--,19702,,
gdc,k93c.0,106230,106484,Ruffus,ruffus,und,KON,und,19702,,
gdc,k93c.0,106230,106484,Ruffus,ruffus,ruft,VVFIN,rufen,19702,,
gdc,k93c.0,106230,106484,Ruffus,ruffus,.,$.,--,19702,,
gdc,k93c.0,106542,106558,Valerius,valerius,Zu,APPR,zu,19702,,
gdc,k93c.0,106542,106558,Valerius,valerius,den,ART,der,19702,,
gdc,k93c.0,106542,106558,Valerius,valerius,Soldaten,NN,soldat,19702,,
gdc,k93c.0,106542,106558,Valerius,valerius,.,$.,--,19702,,
gdc,k93c.0,106575,106720,Valerius,valerius,Einige,PIAT,einiger,19702,,
gdc,k93c.0,106575,106720,Valerius,valerius,Soldaten,NN,soldat,19702,,
gdc,k93c.0,106575,106720,Valerius,valerius,springen,VVFIN,springen,19702,,
gdc,k93c.0,106575,106720,Valerius,valerius,auf,APPR,auf,19702,,
gdc,k93c.0,106575,106720,Valerius,valerius,ihn,PPER,ihn,19702,,
gdc,k93c.0,106575,106720,Valerius,valerius,los,PTKVZ,los,19702,,
gdc,k93c.0,106575,106720,Valerius,valerius,.,$.,--,19702,,
gdc,k93c.0,106575,106720,Valerius,valerius,Und,KON,und,19702,,
gdc,k93c.0,106575,106720,Valerius,valerius,da,KOUS,da,19702,,
gdc,k93c.0,106575,106720,Valerius,valerius,er,PPER,er,19702,,
gdc,k93c.0,106575,106720,Valerius,valerius,durch,APPR,durch,19702,,
gdc,k93c.0,106575,106720,Valerius,valerius,die,ART,der,19702,,
gdc,k93c.0,106575,106720,Valerius,valerius,nächste,ADJA,nächster,19702,,
gdc,k93c.0,106575,106720,Valerius,valerius,Kulisse,NN,kulisse,19702,,
gdc,k93c.0,106575,106720,Valerius,valerius,abgeht,VVFIN,abgehen,19702,,
gdc,k93c.0,106575,106720,Valerius,valerius,",","$,",--,19702,,
gdc,k93c.0,106575,106720,Valerius,valerius,folgen,VVFIN,folgen,19702,,
gdc,k93c.0,106575,106720,Valerius,valerius,sie,PPER,sie,19702,,
gdc,k93c.0,106575,106720,Valerius,valerius,ihm,PPER,ihm,19702,,
gdc,k93c.0,106575,106720,Valerius,valerius,.,$.,--,19702,,
gdc,k93c.0,106575,106720,Valerius,valerius,Valerius,NE,valerius,19702,,(10)
gdc,k93c.0,106575,106720,Valerius,valerius,spricht,VVFIN,sprechen,19702,,
gdc,k93c.0,106575,106720,Valerius,valerius,inzwischen,ADV,inzwischen,19702,,
gdc,k93c.0,106575,106720,Valerius,valerius,fort,PTKVZ,fort,19702,,
gdc,k93c.0,106575,106720,Valerius,valerius,",","$,",--,19702,,
gdc,k93c.0,106575,106720,Valerius,valerius,zu,APPR,zu,19702,,
gdc,k93c.0,106575,106720,Valerius,valerius,dem,ART,der,19702,,
gdc,k93c.0,106575,106720,Valerius,valerius,Volke,NN,volke,19702,,
gdc,k93c.0,106575,106720,Valerius,valerius,.,$.,--,19702,,
gdc,k93c.0,106931,106959,Valerius,valerius,Numitorius,NE,numitorius,19702,,(6)
gdc,k93c.0,106931,106959,Valerius,valerius,folgt,VVFIN,folgen,19702,,
gdc,k93c.0,106931,106959,Valerius,valerius,eilig,ADJD,eilig,19702,,
gdc,k93c.0,106931,106959,Valerius,valerius,nach,PTKVZ,nach,19702,,
gdc,k93c.0,106931,106959,Valerius,valerius,.,$.,--,19702,,
gdc,k93c.0,107418,107441,Virginius,virginius,der,ART,der,19702,,
gdc,k93c.0,107418,107441,Virginius,virginius,plötzlich,ADJD,plötzlich,19702,,
gdc,k93c.0,107418,107441,Virginius,virginius,aufsteht,VVFIN,aufstehen,19702,,
gdc,k93c.0,107418,107441,Virginius,virginius,.,$.,--,19702,,
gdc,k93c.0,107566,107597,Ruffus,ruffus,Die,ART,der,19702,,
gdc,k93c.0,107566,107597,Ruffus,ruffus,Lictoren,NN,lictor,19702,,
gdc,k93c.0,107566,107597,Ruffus,ruffus,treten,VVFIN,treten,19702,,
gdc,k93c.0,107566,107597,Ruffus,ruffus,hinter,APPR,hinter,19702,,
gdc,k93c.0,107566,107597,Ruffus,ruffus,ihn,PPER,ihn,19702,,
gdc,k93c.0,107566,107597,Ruffus,ruffus,.,$.,--,19702,,
gdc,k93c.0,107839,107864,Icilius,icilius,in,APPR,in,19702,,
gdc,k93c.0,107839,107864,Icilius,icilius,Eile,NN,eile,19702,,
gdc,k93c.0,107839,107864,Icilius,icilius,mit,APPR,mit,19702,,
gdc,k93c.0,107839,107864,Icilius,icilius,den,ART,der,19702,,
gdc,k93c.0,107839,107864,Icilius,icilius,Soldaten,NN,soldat,19702,,
gdc,k93c.0,107839,107864,Icilius,icilius,.,$.,--,19702,,
gdc,k93c.0,107922,107953,Icilius,icilius,Er,PPER,er,19702,,
gdc,k93c.0,107922,107953,Icilius,icilius,wirft,VVFIN,werfen,19702,,
gdc,k93c.0,107922,107953,Icilius,icilius,sich,PRF,sich,19702,,
gdc,k93c.0,107922,107953,Icilius,icilius,auf,APPR,auf,19702,,
gdc,k93c.0,107922,107953,Icilius,icilius,den,ART,der,19702,,
gdc,k93c.0,107922,107953,Icilius,icilius,Leichnam,NN,leichnam,19702,,
gdc,k93c.0,107922,107953,Icilius,icilius,.,$.,--,19702,,
gdc,k93c.0,108031,108069,Valerius,valerius,Zum,APPRART,zu,19702,,
gdc,k93c.0,108031,108069,Valerius,valerius,Numitor,NN,numitor,19702,,
gdc,k93c.0,108031,108069,Valerius,valerius,",","$,",--,19702,,
gdc,k93c.0,108031,108069,Valerius,valerius,der,PRELS,der,19702,,
gdc,k93c.0,108031,108069,Valerius,valerius,in,APPR,in,19702,,
gdc,k93c.0,108031,108069,Valerius,valerius,Eile,NN,eile,19702,,
gdc,k93c.0,108031,108069,Valerius,valerius,zurück,PTKVZ,zurück,19702,,
gdc,k93c.0,108031,108069,Valerius,valerius,kommt,VVFIN,kommen,19702,,
gdc,k93c.0,108031,108069,Valerius,valerius,.,$.,--,19702,,
